,auroc_ori,auroc_1d,auroc_2d,auroc_12d,auroc_NN,auroc_NN_random_causal,auroc_NN_dense,auroc_2d_test,auroc_3d_test
hibachi-res_BernoulliNB_DecisionTreeClassifier-s31077_0.104.txt,0.543981481481482,0.522393317230274,0.5,0.522393317230274,0.6102941176470589,0.5575417667066827,0.6178533913565426,0.5,0.4659822866344605
hibachi-res_BernoulliNB_DecisionTreeClassifier-s31228_0.102.txt,0.594141414141414,0.572878787878788,0.5,0.572878787878788,0.6158067542213883,0.6320168855534709,0.6356691682301439,0.5,0.5063636363636363
hibachi-res_BernoulliNB_DecisionTreeClassifier-s690_0.098.txt,0.581923731358222,0.5,0.5,0.5,0.6301229444156233,0.6315699008069204,0.6373764774268552,0.5,0.5631067961165049
hibachi-res_BernoulliNB_DecisionTreeClassifier-s81895_0.096.txt,0.508050805080508,0.5,0.5,0.5,0.5836567728548303,0.5710066937918362,0.5744504653154081,0.5,0.526002600260026
hibachi-res_BernoulliNB_DecisionTreeClassifier-s90408_0.072.txt,0.56565,0.54455,0.5,0.54455,0.618040625,0.5807500000000001,0.6152500000000001,0.5,0.43765000000000004
hibachi-res_BernoulliNB_ExtraTreesClassifier-s36230_0.078.txt,0.477165036798064,0.5,0.5,0.5,0.5517418192960186,0.5471957678574779,0.5647296443824686,0.5,0.49148099606815204
hibachi-res_BernoulliNB_ExtraTreesClassifier-s37061_0.045.txt,0.646940418679549,0.641505636070854,0.504579307568438,0.617401368760064,0.5565538715486195,0.6598264305722289,0.6820540716286515,0.5045793075684379,0.5372383252818036
hibachi-res_BernoulliNB_ExtraTreesClassifier-s43184_0.063.txt,0.517894736842105,0.495789473684211,0.5,0.495789473684211,0.5744210032817628,0.5737021409595249,0.61846538521644,0.5,0.5691228070175438
hibachi-res_BernoulliNB_ExtraTreesClassifier-s59906_0.079.txt,0.480350877192982,0.562606516290727,0.5,0.562606516290727,0.5780121894045944,0.5708329426472887,0.6013377090170339,0.5,0.46401002506265665
hibachi-res_BernoulliNB_ExtraTreesClassifier-s6078_0.058.txt,0.478020875150542,0.497290244881574,0.5,0.497290244881574,0.5979189067540196,0.5473168963016679,0.5889325098147082,0.5,0.47711762344439984
hibachi-res_BernoulliNB_GaussianNB-s23944_0.167.txt,0.492451690821256,0.571557971014493,0.706421095008052,0.763083735909823,0.605532838135254,0.5384591336534614,0.6225427671068428,0.7064210950080516,0.6722020933977456
hibachi-res_BernoulliNB_GaussianNB-s2559_0.066.txt,0.735087719298246,0.855087719298246,0.784310776942356,0.946115288220551,0.8133177058915456,0.8552961400218784,0.9012845757149556,0.7843107769423558,0.6769423558897243
hibachi-res_BernoulliNB_GaussianNB-s43757_0.077.txt,0.48085619535725,0.5,0.87473620741634,0.87473620741634,0.5675238041650255,0.5136541815931129,0.5640789991935029,0.8747362074163401,0.4620641141593809
hibachi-res_BernoulliNB_GaussianNB-s47810_0.065.txt,0.769457783113245,0.790816326530612,0.5,0.790816326530612,0.7991793544838621,0.7409560239005976,0.8281769544238606,0.5,0.5002501000400159
hibachi-res_BernoulliNB_GaussianNB-s78896_0.076.txt,0.760165056360709,0.809078099838969,0.5,0.809078099838969,0.7701299269707882,0.8024459783913566,0.8346776210484194,0.5,0.5320048309178744
hibachi-res_BernoulliNB_GradientBoostingClassifier-s15237_0.060.txt,0.531778600740667,0.560454408968071,0.5,0.560454408968071,0.6113531386140469,0.6262414760830297,0.629029132888725,0.5,0.5271744570113102
hibachi-res_BernoulliNB_GradientBoostingClassifier-s17870_0.071.txt,0.629362824675325,0.62596387987013,0.617694805194805,0.671672077922078,0.561508482634371,0.6451931738564709,0.6476203583224902,0.6176948051948052,0.5558035714285714
hibachi-res_BernoulliNB_GradientBoostingClassifier-s21758_0.069.txt,0.502207948615014,0.5,0.5,0.5,0.5630860693656072,0.5717005076142132,0.583521917431422,0.5,0.5368325973504616
hibachi-res_BernoulliNB_GradientBoostingClassifier-s57961_0.096.txt,0.680500457735734,0.637422439222866,0.5,0.637422439222866,0.6279695428296137,0.6143113663807396,0.6284262752532362,0.5,0.5274132845081884
hibachi-res_BernoulliNB_GradientBoostingClassifier-s59164_0.082.txt,0.534763905562225,0.5,0.5,0.5,0.6251625040626015,0.6007243931098278,0.6109308982724568,0.5,0.5174569827931172
hibachi-res_BernoulliNB_KNeighborsClassifier-s45413_0.100.txt,0.6263,0.64,0.63235,0.6844,0.68705625,0.6763625,0.6883062499999999,0.63235,0.597
hibachi-res_BernoulliNB_KNeighborsClassifier-s59574_0.107.txt,0.690016103059581,0.63768115942029,0.5,0.63768115942029,0.6812912665066027,0.6573473139255702,0.6674263455382152,0.5,0.4618055555555555
hibachi-res_BernoulliNB_KNeighborsClassifier-s61134_0.118.txt,0.571314182764488,0.557952156941247,0.528375537984186,0.55079571614453,0.6659280834546943,0.6055121850604097,0.6529398528667237,0.5283755379841857,0.39725753177860074
hibachi-res_BernoulliNB_KNeighborsClassifier-s79249_0.075.txt,0.661353383458647,0.661152882205514,0.5,0.661152882205514,0.6322175339896858,0.6365557118299735,0.6680043756837006,0.5,0.41503759398496237
hibachi-res_BernoulliNB_KNeighborsClassifier-s84773_0.112.txt,0.635266426282051,0.620592948717949,0.481770833333333,0.593399439102564,0.6109798479847984,0.6527340234023402,0.6720797079707971,0.48177083333333337,0.4655949519230769
hibachi-res_BernoulliNB_LogisticRegression-s41294_0.310.txt,0.388555422168868,0.959783913565426,0.862194877951181,0.983043217286915,0.751537538438461,0.5180192004800119,0.972230555763894,0.8621948779511805,0.8957583033213283
hibachi-res_BernoulliNB_LogisticRegression-s51668_0.311.txt,0.396758703481393,0.954281712685074,0.81672669067627,0.978291316526611,0.9641241031025776,0.5048126203155079,0.9631803295082376,0.8167266906762705,0.6179471788715486
hibachi-res_BernoulliNB_LogisticRegression-s65556_0.321.txt,0.459949874686717,0.980952380952381,0.5,0.980952380952381,0.7915455539928113,0.6225972808251289,0.9913705266447882,0.5,0.4617543859649123
hibachi-res_BernoulliNB_LogisticRegression-s67063_0.342.txt,0.457912120908818,0.989990991892703,0.764538084275848,0.996246621959764,0.9863554824958904,0.7464794894712827,0.9886118594170922,0.7645380842758484,0.5573015714142727
hibachi-res_BernoulliNB_LogisticRegression-s89530_0.323.txt,0.469400060295448,0.990654205607477,0.5,0.990654205607477,0.7530806309432263,0.5126820088652149,0.9863176847909672,0.5,0.47733896090845135
hibachi-res_BernoulliNB_MLPClassifier-s14089_0.102.txt,0.674076676033721,0.649638699317543,0.5,0.649638699317543,0.6728295116401191,0.676639743942387,0.6818409142056963,0.5,0.5411983139301485
hibachi-res_BernoulliNB_MLPClassifier-s19946_0.127.txt,0.625101461038961,0.658634334415584,0.5,0.658634334415584,0.5926959263337003,0.6311336452807527,0.6975684365929337,0.5,0.48630275974025977
hibachi-res_BernoulliNB_MLPClassifier-s22806_0.093.txt,0.529626623376623,0.666649756493507,0.593344155844156,0.677100243506493,0.6052853818436593,0.5412464968471624,0.6476485086577919,0.5933441558441559,0.5491071428571428
hibachi-res_BernoulliNB_MLPClassifier-s28904_0.094.txt,0.561798878205128,0.603816105769231,0.659104567307692,0.643429487179487,0.5027190219021902,0.575401290129013,0.6466459145914591,0.6591045673076923,0.6260016025641025
hibachi-res_BernoulliNB_MLPClassifier-s94899_0.110.txt,0.678971588635454,0.655862344937975,0.5,0.655862344937975,0.5453230080752018,0.5458605215130379,0.6673323083077076,0.5,0.47519007603041213
hibachi-res_BernoulliNB_RandomForestClassifier-s25900_0.065.txt,0.627280975904829,0.608377860671439,0.585341264240347,0.635295896763787,0.5995566505543432,0.6120160831420907,0.6110656019609927,0.5853412642403468,0.43018449440467793
hibachi-res_BernoulliNB_RandomForestClassifier-s64005_0.049.txt,0.632727272727273,0.652525252525253,0.509747474747475,0.666010101010101,0.6680988117573483,0.6590994371482176,0.674208880550344,0.5097474747474747,0.46555555555555556
hibachi-res_BernoulliNB_RandomForestClassifier-s7183_0.071.txt,0.522259069440257,0.485629584966335,0.5,0.485629584966335,0.5986802208176255,0.5972485323630361,0.6190864702315084,0.5,0.5291427997186212
hibachi-res_BernoulliNB_RandomForestClassifier-s97378_0.049.txt,0.559592000803939,0.588986031554618,0.5,0.588986031554618,0.6665041168857962,0.561306275046733,0.6722402485761265,0.5,0.48100693397648475
hibachi-res_BernoulliNB_RandomForestClassifier-s97561_0.054.txt,0.506410256410256,0.5,0.5,0.5,0.5292935543554356,0.5472359735973598,0.5764545204520451,0.5,0.5293469551282052
hibachi-res_BernoulliNB_XGBClassifier-s51984_0.063.txt,0.608771929824561,0.630576441102757,0.535187969924812,0.633132832080201,0.5963775589935927,0.6195811845600876,0.6408720112517581,0.535187969924812,0.5449122807017543
hibachi-res_BernoulliNB_XGBClassifier-s64395_0.075.txt,0.582008200820082,0.532503250325032,0.5,0.532503250325032,0.600644379027369,0.5709973187332421,0.5890724317026982,0.5,0.5800080008000801
hibachi-res_BernoulliNB_XGBClassifier-s7713_0.068.txt,0.608943577430972,0.522509003601441,0.5,0.522509003601441,0.611793419835496,0.6143497337433436,0.6295313632840821,0.5,0.47999199679871946
hibachi-res_BernoulliNB_XGBClassifier-s88694_0.073.txt,0.547737418831169,0.559506899350649,0.5,0.559506899350649,0.5757932138925033,0.5986888199379441,0.6338579721749574,0.5,0.5620434253246754
hibachi-res_BernoulliNB_XGBClassifier-s91818_0.059.txt,0.6191,0.65,0.5,0.65,0.6523343749999999,0.6397468749999999,0.67625625,0.5,0.5141
hibachi-res_DecisionTreeClassifier_BernoulliNB-s2033_0.586.txt,0.661754385964912,0.784411027568922,0.832330827067669,0.961754385964912,0.8022409751523676,0.7513799031098609,0.8428379434286607,0.8323308270676691,0.692531328320802
hibachi-res_DecisionTreeClassifier_BernoulliNB-s41899_0.597.txt,0.644223027375201,0.75649154589372,0.843297101449275,0.846014492753623,0.6680172068827531,0.56531362545018,0.7308548419367746,0.8432971014492754,0.5945048309178745
hibachi-res_DecisionTreeClassifier_BernoulliNB-s44927_0.594.txt,0.639131745553211,0.80057280675309,0.845794392523364,0.967390212038991,0.5589993185413032,0.6254227857281293,0.7670098967808892,0.8457943925233644,0.7624359360868254
hibachi-res_DecisionTreeClassifier_BernoulliNB-s88462_0.599.txt,0.627878787878788,0.705606060606061,0.838888888888889,0.95469696969697,0.7501563477173234,0.6496966854283928,0.8251125703564728,0.8388888888888889,0.6283838383838384
hibachi-res_DecisionTreeClassifier_BernoulliNB-s92892_0.592.txt,0.550555055505551,0.651365136513651,0.878137813781378,0.868686868686869,0.5570441065256658,0.5444284026775168,0.6146475915474472,0.8781378137813782,0.6612661266126613
hibachi-res_DecisionTreeClassifier_ExtraTreesClassifier-s174_0.082.txt,0.524187073464472,0.5,0.5,0.5,0.5648302117976545,0.5528681453326998,0.5790802930659398,0.5,0.4819349658771578
hibachi-res_DecisionTreeClassifier_ExtraTreesClassifier-s22197_0.207.txt,0.548588081599839,0.5,0.670535624560346,0.670535624560346,0.5661327531556539,0.5031728466842971,0.5541228251151915,0.6705356245603457,0.5087930861219978
hibachi-res_DecisionTreeClassifier_ExtraTreesClassifier-s54127_0.158.txt,0.486448644864486,0.584708470847085,0.641314131413141,0.675817581758176,0.5577003606272539,0.5585878661741636,0.6314883218020112,0.6413141314131413,0.5304530453045304
hibachi-res_DecisionTreeClassifier_ExtraTreesClassifier-s62864_0.079.txt,0.54425,0.575,0.5,0.575,0.574421875,0.53239375,0.59463125,0.5,0.48325
hibachi-res_DecisionTreeClassifier_ExtraTreesClassifier-s92740_0.098.txt,0.523967440458245,0.5,0.509647271630992,0.509647271630992,0.5655419472213365,0.5567111177798201,0.586126376202712,0.5096472716309919,0.5095970254245804
hibachi-res_DecisionTreeClassifier_GaussianNB-s4720_0.561.txt,0.521414141414141,0.5,0.796969696969697,0.796969696969697,0.5720043777360851,0.5179580988117574,0.543639774859287,0.7969696969696969,0.7534343434343435
hibachi-res_DecisionTreeClassifier_GaussianNB-s57245_0.555.txt,0.451210933574515,0.5,0.756959099587981,0.756959099587981,0.5379835074491564,0.5010753293196042,0.5166769823258374,0.7569590995879811,0.4995477841422972
hibachi-res_DecisionTreeClassifier_GaussianNB-s7061_0.576.txt,0.435187969924812,0.5,0.67328320802005,0.67328320802005,0.5087232380059384,0.503834974214721,0.5269760900140648,0.6732832080200502,0.4901253132832081
hibachi-res_DecisionTreeClassifier_GaussianNB-s72165_0.548.txt,0.467669172932331,0.5,0.989473684210526,0.989473684210526,0.4840850132833255,0.510795436786998,0.5531708079387404,0.9894736842105263,0.6306766917293233
hibachi-res_DecisionTreeClassifier_GaussianNB-s80973_0.550.txt,0.489340406365729,0.5,0.979181263136823,0.979181263136823,0.5989118137895256,0.5025126413360751,0.5274734203798964,0.9791812631368231,0.6368731858672805
hibachi-res_DecisionTreeClassifier_GradientBoostingClassifier-s23529_0.421.txt,0.547204720472047,0.5,0.552205220522052,0.552205220522052,0.5648035300220626,0.5343220895130595,0.5607097544359652,0.5522052205220522,0.45319531953195324
hibachi-res_DecisionTreeClassifier_GradientBoostingClassifier-s29507_0.414.txt,0.466780409474107,0.5,0.705590124448013,0.705590124448013,0.57059713435523,0.5336013102948163,0.5679746693005927,0.705590124448013,0.4305499799277398
hibachi-res_DecisionTreeClassifier_GradientBoostingClassifier-s68618_0.380.txt,0.491515151515152,0.636868686868687,0.693131313131313,0.801414141414141,0.6032926829268292,0.5612257661038149,0.6283802376485303,0.6931313131313132,0.5113131313131313
hibachi-res_DecisionTreeClassifier_GradientBoostingClassifier-s84091_0.421.txt,0.481031714171016,0.639401846647932,0.571959052589322,0.6364411882778,0.5426689755194918,0.5286814533269986,0.6077554949863719,0.5719590525893216,0.5871136089923725
hibachi-res_DecisionTreeClassifier_GradientBoostingClassifier-s90071_0.372.txt,0.491506459159801,0.5,0.763554063676126,0.763554063676126,0.5250796153437068,0.5187041312386208,0.559960207969668,0.7635540636761265,0.7480419082494152
hibachi-res_DecisionTreeClassifier_KNeighborsClassifier-s19433_0.517.txt,0.426736250501807,0.579686872741871,0.678643115214773,0.788287836210357,0.5624734315220924,0.5270748418394138,0.618414143182216,0.6786431152147732,0.5713568847852268
hibachi-res_DecisionTreeClassifier_KNeighborsClassifier-s4420_0.474.txt,0.48792270531401,0.618357487922705,0.600493156199678,0.6556461352657,0.5270983393357342,0.5292773359343738,0.5866815476190477,0.6004931561996779,0.35235507246376807
hibachi-res_DecisionTreeClassifier_KNeighborsClassifier-s56416_0.496.txt,0.543905635648755,0.5,0.981651376146789,0.981651376146789,0.5874755344893352,0.5211356999480987,0.5555718832659033,0.981651376146789,0.9749974795846357
hibachi-res_DecisionTreeClassifier_KNeighborsClassifier-s70454_0.440.txt,0.530901416943021,0.678675509998995,0.633453924228721,0.758114762335444,0.656722996417653,0.522991416121187,0.6315309063400666,0.6334539242287207,0.6904833685056777
hibachi-res_DecisionTreeClassifier_KNeighborsClassifier-s96744_0.494.txt,0.511660494445001,0.540936843158843,0.65423881493344,0.649084175758182,0.5622816283415941,0.5043283684707265,0.5894206549118387,0.65423881493344,0.6433790411370233
hibachi-res_DecisionTreeClassifier_LogisticRegression-s18187_0.593.txt,0.381139291465378,0.698872785829307,0.946407004830918,0.922856280193237,0.7074048369347739,0.5355017006802721,0.7209008603441377,0.9464070048309179,0.7904589371980676
hibachi-res_DecisionTreeClassifier_LogisticRegression-s26103_0.629.txt,0.4207,0.73,0.91455,0.9035,0.8245562500000001,0.6127625,0.826175,0.91455,0.6371
hibachi-res_DecisionTreeClassifier_LogisticRegression-s40639_0.615.txt,0.425724637681159,0.734500805152979,0.986111111111111,0.996225845410628,0.6213360344137656,0.5164378251300521,0.7893094737895159,0.9861111111111112,0.580012077294686
hibachi-res_DecisionTreeClassifier_LogisticRegression-s40665_0.591.txt,0.424528301886792,0.978723404255319,0.5,0.978723404255319,0.9970055762546572,0.6050548873496537,0.9985121652371785,0.5,0.47596346848655163
hibachi-res_DecisionTreeClassifier_LogisticRegression-s9443_0.626.txt,0.438909017713366,0.697816022544283,0.909873188405797,0.908917069243156,0.5914990996398559,0.5118109743897559,0.6618803771508603,0.9098731884057971,0.49738325281803547
hibachi-res_DecisionTreeClassifier_MLPClassifier-s21635_0.390.txt,0.533420313127258,0.5,0.712464873544761,0.712464873544761,0.5726569728188843,0.5683184966617489,0.5898014553274488,0.7124648735447612,0.6508430349257327
hibachi-res_DecisionTreeClassifier_MLPClassifier-s33273_0.357.txt,0.612651386247623,0.5,0.561305174657191,0.561305174657191,0.5716165284297242,0.5591001993862155,0.5858954566194349,0.5613051746571915,0.5039535582023822
hibachi-res_DecisionTreeClassifier_MLPClassifier-s33878_0.353.txt,0.48781954887218,0.58250626566416,0.583609022556391,0.621453634085213,0.5516143147366777,0.508641975308642,0.5716643225503986,0.5836090225563909,0.5034586466165414
hibachi-res_DecisionTreeClassifier_MLPClassifier-s34240_0.341.txt,0.522017045454545,0.5,0.5,0.5,0.5695282003803424,0.5171842157942148,0.5822177459713742,0.5,0.4367897727272727
hibachi-res_DecisionTreeClassifier_MLPClassifier-s3726_0.346.txt,0.475327795015514,0.513762386147533,0.460514463016715,0.498098288459614,0.5492590208199211,0.5999743735585126,0.6198879936996455,0.46051446301671506,0.5620058052247022
hibachi-res_DecisionTreeClassifier_RandomForestClassifier-s17417_0.098.txt,0.494691506410256,0.515474759615385,0.624148637820513,0.605318509615385,0.6511651165116511,0.6561406140614062,0.6651415141514151,0.6241486378205129,0.6552483974358975
hibachi-res_DecisionTreeClassifier_RandomForestClassifier-s31959_0.075.txt,0.412692811775381,0.600715797963504,0.544359310414356,0.580602883355177,0.5754632032466437,0.539388690524578,0.6337051882515524,0.5443593104143563,0.4754007460429479
hibachi-res_DecisionTreeClassifier_RandomForestClassifier-s34644_0.075.txt,0.691036076776203,0.668877499748769,0.638579037282685,0.686815395437644,0.6650224131140161,0.6431032003551088,0.6531562791104776,0.6385790372826851,0.5778816199376947
hibachi-res_DecisionTreeClassifier_RandomForestClassifier-s63626_0.086.txt,0.500923645320197,0.5626026272578,0.529659277504105,0.538741789819376,0.5897842798477564,0.5685628255208334,0.5669540014022436,0.5296592775041051,0.5479269293924466
hibachi-res_DecisionTreeClassifier_RandomForestClassifier-s71644_0.086.txt,0.54955,0.7222,0.5,0.7222,0.6787843749999999,0.6517843750000001,0.713384375,0.5,0.5344
hibachi-res_DecisionTreeClassifier_XGBClassifier-s3605_0.419.txt,0.4492,0.53985,0.5868,0.58745,0.5823812500000001,0.56164375,0.5969437499999999,0.5868,0.5093
hibachi-res_DecisionTreeClassifier_XGBClassifier-s36071_0.420.txt,0.446557971014493,0.581823671497585,0.638888888888889,0.640297906602254,0.584343112244898,0.5141556622649059,0.5198985844337736,0.6388888888888888,0.5661231884057971
hibachi-res_DecisionTreeClassifier_XGBClassifier-s44510_0.456.txt,0.5234375,0.57802483974359,0.567257612179487,0.604867788461538,0.5192456745674567,0.5164141414141414,0.5810893589358936,0.5672576121794872,0.6000600961538461
hibachi-res_DecisionTreeClassifier_XGBClassifier-s87958_0.407.txt,0.430576747024718,0.5,0.647187468212796,0.647187468212796,0.5690041356182468,0.5283705914372054,0.556594152573656,0.6471874682127962,0.5517241379310345
hibachi-res_DecisionTreeClassifier_XGBClassifier-s9808_0.398.txt,0.485094037615046,0.54561824729892,0.596388555422169,0.625050020008003,0.6026869421735542,0.542916697917448,0.5967867946698668,0.5963885554221688,0.4991996798719488
hibachi-res_ExtraTreesClassifier_BernoulliNB-s12195_0.569.txt,0.413341334133413,0.5,0.847334733473347,0.847334733473347,0.5622347639672749,0.5427533922087013,0.5594253714085713,0.8473347334733472,0.5723572357235724
hibachi-res_ExtraTreesClassifier_BernoulliNB-s37183_0.601.txt,0.470290515234335,0.5,0.844619900799676,0.844619900799676,0.5702875299445205,0.5096729401609967,0.5811269772765654,0.844619900799676,0.5873064075311267
hibachi-res_ExtraTreesClassifier_BernoulliNB-s54237_0.598.txt,0.445591659074805,0.5,0.887741674258528,0.887741674258528,0.5968388593874117,0.5496531752137553,0.5521800861901813,0.8877416742585281,0.7049296487498735
hibachi-res_ExtraTreesClassifier_BernoulliNB-s75608_0.601.txt,0.483548354835484,0.5,0.91964196419642,0.91964196419642,0.5693348083425521,0.518478240489003,0.5252532828330176,0.9196419641964195,0.5922592259225923
hibachi-res_ExtraTreesClassifier_BernoulliNB-s87065_0.593.txt,0.693834586466165,0.856842105263158,0.765062656641604,0.904010025062657,0.8309892170651664,0.7278199718706048,0.8637537115174245,0.765062656641604,0.40842105263157896
hibachi-res_ExtraTreesClassifier_DecisionTreeClassifier-s33170_0.461.txt,0.530409474106784,0.5,0.79696908871939,0.79696908871939,0.5539746442949662,0.5311320047010577,0.5442662098972268,0.7969690887193897,0.7297270172621437
hibachi-res_ExtraTreesClassifier_DecisionTreeClassifier-s3606_0.467.txt,0.467305117907528,0.5,0.991452991452991,0.991452991452991,0.5276969025301951,0.51549047967892,0.5223184376780561,0.9914529914529914,0.9779631345896406
hibachi-res_ExtraTreesClassifier_DecisionTreeClassifier-s37774_0.492.txt,0.534881393253929,0.5,1.0,1.0,0.4956997581113938,0.5636192035802013,0.5728353469882681,1.0,0.9942948653788409
hibachi-res_ExtraTreesClassifier_DecisionTreeClassifier-s48336_0.468.txt,0.5683,0.5,0.99,0.99,0.574875,0.5151625,0.55906875,0.99,0.5010000000000001
hibachi-res_ExtraTreesClassifier_DecisionTreeClassifier-s77503_0.469.txt,0.472789115646259,0.5,0.965336134453782,0.965336134453782,0.6004118852971325,0.5110252756318908,0.5569014225355634,0.9653361344537815,0.844437775110044
hibachi-res_ExtraTreesClassifier_GaussianNB-s18532_0.596.txt,0.494290865384615,0.5,0.995192307692308,0.995192307692308,0.5267651765176518,0.5362473747374737,0.5401040104010401,0.9951923076923077,0.42267628205128205
hibachi-res_ExtraTreesClassifier_GaussianNB-s38309_0.598.txt,0.478095238095238,0.5,0.985714285714286,0.985714285714286,0.5320956399437412,0.5186404125644632,0.5289482731676824,0.9857142857142858,0.4191478696741855
hibachi-res_ExtraTreesClassifier_GaussianNB-s8147_0.560.txt,0.365826500657961,0.5,0.995495495495496,0.995495495495496,0.5424227071722991,0.548890098136716,0.5536311835825843,0.9954954954954955,0.8724567263893107
hibachi-res_ExtraTreesClassifier_GaussianNB-s96696_0.599.txt,0.435470779220779,0.5,0.986607142857143,0.986607142857143,0.57192723451106,0.5216444800320288,0.5348219647682915,0.9866071428571428,0.8889001623376623
hibachi-res_ExtraTreesClassifier_GaussianNB-s99335_0.582.txt,0.443144314431443,0.5,0.935243524352435,0.935243524352435,0.5300501878136739,0.5165657285358034,0.5223282645516534,0.9352435243524351,0.6191619161916191
hibachi-res_ExtraTreesClassifier_GradientBoostingClassifier-s44244_0.446.txt,0.425431553592935,0.5,0.652850260939382,0.652850260939382,0.5571159760946214,0.5296004100922709,0.5553249481133256,0.6528502609393818,0.6151144118827779
hibachi-res_ExtraTreesClassifier_GradientBoostingClassifier-s61756_0.450.txt,0.556763285024155,0.5,0.499949677938808,0.499949677938808,0.5280268357342938,0.5445115546218487,0.5298244297719088,0.4999496779388083,0.5484098228663445
hibachi-res_ExtraTreesClassifier_GradientBoostingClassifier-s68128_0.435.txt,0.482848284828483,0.5,0.706520652065207,0.706520652065207,0.5427377671110445,0.5235376471102945,0.5308314426965169,0.7065206520652065,0.5455545554555454
hibachi-res_ExtraTreesClassifier_GradientBoostingClassifier-s78390_0.467.txt,0.482693077230892,0.5,0.5,0.5,0.5246068651716294,0.5265069126728168,0.5482949573739344,0.5,0.46218487394957986
hibachi-res_ExtraTreesClassifier_GradientBoostingClassifier-s84956_0.434.txt,0.469287715086034,0.5,0.5,0.5,0.5392759818995475,0.5160941523538087,0.5861177779444486,0.5,0.48519407763105243
hibachi-res_ExtraTreesClassifier_KNeighborsClassifier-s24174_0.476.txt,0.513822115384615,0.525891426282051,0.633112980769231,0.619591346153846,0.5837427492749274,0.5437481248124812,0.5730010501050106,0.6331129807692308,0.503104967948718
hibachi-res_ExtraTreesClassifier_KNeighborsClassifier-s48079_0.482.txt,0.445200680612551,0.5,0.779801821639476,0.779801821639476,0.6038777181216443,0.533004981530211,0.5565688069953936,0.7798018216394755,0.527474727254529
hibachi-res_ExtraTreesClassifier_KNeighborsClassifier-s63697_0.566.txt,0.512461215093584,0.544439995996397,0.712891602442198,0.734561104994495,0.6197567363164177,0.4932621209943059,0.602152621084936,0.712891602442198,0.5850265238714843
hibachi-res_ExtraTreesClassifier_KNeighborsClassifier-s73332_0.500.txt,0.585263157894737,0.5,0.5,0.5,0.5449507735583684,0.5306454133458353,0.5593436474449133,0.5,0.5081704260651629
hibachi-res_ExtraTreesClassifier_KNeighborsClassifier-s87092_0.538.txt,0.4189,0.5,0.55005,0.55005,0.5332250000000001,0.5662562499999999,0.5866625,0.55005,0.5705
hibachi-res_ExtraTreesClassifier_LogisticRegression-s53965_0.629.txt,0.375750300120048,0.909763905562225,0.865946378551421,0.989095638255302,0.9698179954498862,0.5131690792269806,0.964161604040101,0.8659463785514205,0.26110444177671066
hibachi-res_ExtraTreesClassifier_LogisticRegression-s58072_0.610.txt,0.390997442455243,0.937084398976982,0.847519181585678,0.985115089514067,0.7305053982162416,0.4857205445157252,0.9564324831794712,0.8475191815856776,0.9260358056265985
hibachi-res_ExtraTreesClassifier_LogisticRegression-s69254_0.653.txt,0.463734015345269,0.883120204603581,0.864194373401534,0.970690537084399,0.9053231106243154,0.4947613831951181,0.9132498826474732,0.8641943734015345,0.7359590792838875
hibachi-res_ExtraTreesClassifier_LogisticRegression-s72369_0.631.txt,0.445913461538462,0.634615384615385,0.85722155448718,0.913661858974359,0.6728360336033603,0.5380256775677569,0.6493305580558056,0.8572215544871795,0.8349358974358975
hibachi-res_ExtraTreesClassifier_LogisticRegression-s90175_0.664.txt,0.424269707883153,0.849539815926371,0.86484593837535,0.946328531412565,0.5519731743293582,0.5233443336083403,0.8724311857796446,0.8648459383753502,0.9119647859143658
hibachi-res_ExtraTreesClassifier_MLPClassifier-s17042_0.379.txt,0.500850085008501,0.582808280828083,0.722672267226723,0.741424142414241,0.5227032668954181,0.5099438121488259,0.591153694710592,0.7226722672267226,0.5959595959595959
hibachi-res_ExtraTreesClassifier_MLPClassifier-s1979_0.405.txt,0.516776842948718,0.5,0.624348958333333,0.624348958333333,0.5916029102910292,0.532275102510251,0.5918998149814981,0.6243489583333333,0.6438802083333333
hibachi-res_ExtraTreesClassifier_MLPClassifier-s30517_0.433.txt,0.500050045040537,0.585977379641678,0.67871083975578,0.710789710739666,0.557847003893969,0.5593314623947597,0.632898100518154,0.6787108397557803,0.5736162546291663
hibachi-res_ExtraTreesClassifier_MLPClassifier-s39040_0.461.txt,0.497839413124309,0.559240277359059,0.687569088533816,0.720832077178173,0.549640202311958,0.5280054516695738,0.5880800995304811,0.6875690885338157,0.5800422068133856
hibachi-res_ExtraTreesClassifier_MLPClassifier-s431_0.387.txt,0.499749774797318,0.530127114402963,0.517065358822941,0.523220898808928,0.6111375014844584,0.5155227481545837,0.6264914901463207,0.5170653588229407,0.3748373536182565
hibachi-res_ExtraTreesClassifier_RandomForestClassifier-s2189_0.290.txt,0.505535426731079,0.5,0.673158212560387,0.673158212560387,0.560702405962385,0.5239970988395358,0.5640568727490995,0.6731582125603865,0.42310789049919484
hibachi-res_ExtraTreesClassifier_RandomForestClassifier-s379_0.279.txt,0.452807526774097,0.5,0.536632969672705,0.536632969672705,0.5632441824852648,0.5357988886874887,0.5498684300991931,0.5366329696727054,0.49594635171654483
hibachi-res_ExtraTreesClassifier_RandomForestClassifier-s68097_0.265.txt,0.450120192307692,0.5,0.5,0.5,0.5501362636263626,0.4885801080108011,0.5196269626962696,0.5,0.42578125
hibachi-res_ExtraTreesClassifier_RandomForestClassifier-s71015_0.269.txt,0.48249299719888,0.5,0.769707883153261,0.769707883153261,0.5413385334633366,0.5207130178254457,0.5438573464336609,0.7697078831532613,0.7324929971988795
hibachi-res_ExtraTreesClassifier_RandomForestClassifier-s77742_0.271.txt,0.46875,0.5,0.764423076923077,0.764423076923077,0.5763826382638264,0.5504050405040504,0.5810018501850185,0.7644230769230769,0.3040865384615385
hibachi-res_ExtraTreesClassifier_XGBClassifier-s11238_0.484.txt,0.456410769692723,0.5,0.791011910719648,0.791011910719648,0.6057715746510741,0.537817752248564,0.5796888574982343,0.7910119107196477,0.5267740966870182
hibachi-res_ExtraTreesClassifier_XGBClassifier-s1741_0.444.txt,0.514552388598956,0.5,0.751505419510237,0.751505419510237,0.5456665249681178,0.5567752744367482,0.5760546122877647,0.7515054195102369,0.7053392211963067
hibachi-res_ExtraTreesClassifier_XGBClassifier-s82063_0.460.txt,0.442007211538462,0.5,0.5,0.5,0.521211496149615,0.531978197819782,0.5510051005100509,0.5,0.444911858974359
hibachi-res_ExtraTreesClassifier_XGBClassifier-s97915_0.442.txt,0.474289715886355,0.5,0.700880352140856,0.700880352140856,0.6881922048051201,0.5437823445586141,0.562664066601665,0.7008803521408563,0.4975990396158464
hibachi-res_ExtraTreesClassifier_XGBClassifier-s97933_0.429.txt,0.40406162464986,0.5,0.74359743897559,0.74359743897559,0.5659235230880773,0.5286319657991451,0.5599077476936923,0.7435974389755903,0.5285114045618248
hibachi-res_GaussianNB_BernoulliNB-s3572_0.547.txt,0.7778,0.97675,0.5702,0.98395,0.983759375,0.8467937499999999,0.99816875,0.5702,0.5106999999999999
hibachi-res_GaussianNB_BernoulliNB-s90718_0.523.txt,0.795893719806763,1.0,0.727908615136876,0.892210144927536,0.9800732793117248,0.8282750600240096,0.998249299719888,0.7279086151368759,0.3719806763285024
hibachi-res_GaussianNB_BernoulliNB-s92322_0.529.txt,0.762876287628763,0.976847684768477,0.721272127212721,0.977147714771477,0.9809436308976932,0.8585116156975982,0.996243726523291,0.7212721272127212,0.35493549354935494
hibachi-res_GaussianNB_BernoulliNB-s93476_0.551.txt,0.8416,0.9889,0.51305,0.9889,0.76350625,0.847003125,0.97678125,0.51305,0.35810000000000003
hibachi-res_GaussianNB_BernoulliNB-s98539_0.565.txt,0.821657968687274,0.970343235648334,0.5,0.970343235648334,0.801167762746618,0.8270298317121352,0.9966054862344028,0.5,0.40686471296668003
hibachi-res_GaussianNB_DecisionTreeClassifier-s49304_0.101.txt,0.725072507250725,0.714371437143714,0.5,0.714371437143714,0.6488103050644066,0.6506790667441672,0.646141538384615,0.5,0.5765576557655766
hibachi-res_GaussianNB_DecisionTreeClassifier-s55502_0.107.txt,0.66565,0.6655,0.5,0.6655,0.6454875,0.648203125,0.685059375,0.5,0.6025499999999999
hibachi-res_GaussianNB_DecisionTreeClassifier-s72420_0.285.txt,0.975077881619938,0.97161089337755,0.5,0.97161089337755,0.8896412026183019,0.9837575257422586,0.9832573725703496,0.5,0.5216058687569088
hibachi-res_GaussianNB_DecisionTreeClassifier-s77708_0.106.txt,0.639895330112721,0.540307971014493,0.5,0.540307971014493,0.6508509653861545,0.6219706632653061,0.6522890406162465,0.5,0.5372383252818036
hibachi-res_GaussianNB_DecisionTreeClassifier-s86058_0.079.txt,0.589120835006022,0.565636290646327,0.5,0.565636290646327,0.6366619989497636,0.6324704308469405,0.6334112675351955,0.5,0.5082296266559615
hibachi-res_GaussianNB_ExtraTreesClassifier-s17571_0.065.txt,0.578804347826087,0.591686795491143,0.5,0.591686795491143,0.5813981842737095,0.5874662364945978,0.5953944077631053,0.5,0.465378421900161
hibachi-res_GaussianNB_ExtraTreesClassifier-s29864_0.060.txt,0.533053305330533,0.5,0.5,0.5,0.5864974156088475,0.5353720960756005,0.58067237920237,0.5,0.4815481548154815
hibachi-res_GaussianNB_ExtraTreesClassifier-s5192_0.082.txt,0.589785914365746,0.5,0.5,0.5,0.5602983824595615,0.5055657641441036,0.5737299682492062,0.5,0.506952781112445
hibachi-res_GaussianNB_ExtraTreesClassifier-s85330_0.064.txt,0.559873949579832,0.565376150460184,0.5,0.565376150460184,0.5832083302082552,0.5818145453636341,0.5888928473211831,0.5,0.5280612244897959
hibachi-res_GaussianNB_ExtraTreesClassifier-s85838_0.051.txt,0.752395833333333,0.75,0.5,0.75,0.5556234335839599,0.7379981203007518,0.7638377192982455,0.5,0.58375
hibachi-res_GaussianNB_GradientBoostingClassifier-s50057_0.054.txt,0.60805,0.61395,0.5,0.61395,0.59564375,0.590465625,0.595115625,0.5,0.43500000000000005
hibachi-res_GaussianNB_GradientBoostingClassifier-s69857_0.056.txt,0.583843329253366,0.579457364341085,0.5,0.579457364341085,0.6637005331531126,0.6393269254837175,0.6514104778353482,0.5,0.4985720114239086
hibachi-res_GaussianNB_GradientBoostingClassifier-s81766_0.070.txt,0.653761504601841,0.666466586634654,0.5,0.666466586634654,0.7114427860696517,0.7038738468461712,0.714167854196355,0.5,0.5439175670268107
hibachi-res_GaussianNB_GradientBoostingClassifier-s87708_0.069.txt,0.546154615461546,0.5,0.5,0.5,0.588600553753461,0.5971881074256714,0.6097506859417872,0.5,0.44944494449444944
hibachi-res_GaussianNB_GradientBoostingClassifier-s95073_0.101.txt,0.656891202081874,0.5,0.5,0.5,0.6078404410248076,0.6080404522754406,0.6086748629610416,0.5,0.47632869582624365
hibachi-res_GaussianNB_KNeighborsClassifier-s2178_0.086.txt,0.63665,0.64555,0.5,0.64555,0.6373,0.5962625,0.6377375000000001,0.5,0.49844999999999995
hibachi-res_GaussianNB_KNeighborsClassifier-s68646_0.190.txt,0.627303685897436,0.990384615384615,0.5,0.990384615384615,0.7908134563456346,0.5238336333633362,0.9892676767676768,0.5,0.4616386217948718
hibachi-res_GaussianNB_KNeighborsClassifier-s7078_0.150.txt,0.608760876087609,0.814281428142814,0.654915491549155,0.772077207720772,0.7173982337389609,0.5258626616416352,0.8086519290745566,0.6549154915491548,0.4819481948194819
hibachi-res_GaussianNB_KNeighborsClassifier-s73349_0.081.txt,0.742918626764088,0.737213492142929,0.5,0.737213492142929,0.6800663787338038,0.6793132113681395,0.6764943028045327,0.5,0.4216294665198679
hibachi-res_GaussianNB_KNeighborsClassifier-s76457_0.168.txt,0.478091236494598,0.77796118447379,0.674969987995198,0.77796118447379,0.6938798469961749,0.549648116202905,0.7838789719742993,0.6749699879951981,0.6300520208083233
hibachi-res_GaussianNB_LogisticRegression-s22225_0.578.txt,0.4426,0.945,0.5,0.945,0.984334375,0.6939093749999999,0.989321875,0.5,0.6875
hibachi-res_GaussianNB_LogisticRegression-s34350_0.556.txt,0.432892628205128,0.985576923076923,0.5,0.985576923076923,0.7545785828582858,0.7735336033603362,0.9884238423842384,0.5,0.5574919871794872
hibachi-res_GaussianNB_LogisticRegression-s91462_0.581.txt,0.505340250228868,0.986725663716814,0.5,0.986725663716814,0.6492201137451433,0.5013076311854396,0.9937089801102414,0.5,0.44288475231410845
hibachi-res_GaussianNB_LogisticRegression-s94474_0.586.txt,0.4094,0.98,0.5,0.98,0.8546625,0.5311875,0.99878125,0.5,0.4714
hibachi-res_GaussianNB_LogisticRegression-s98448_0.563.txt,0.511904761904762,0.985094037615046,0.347589035614246,0.992046818727491,0.9956311407785194,0.7099427485687142,0.9964749118727968,0.34758903561424564,0.6587134853941577
hibachi-res_GaussianNB_MLPClassifier-s35056_0.117.txt,0.543864938197166,0.67706763139383,0.618380062305296,0.665912973570496,0.693268563497571,0.6080580927909173,0.7286012591356102,0.6183800623052959,0.5353230831072254
hibachi-res_GaussianNB_MLPClassifier-s51670_0.132.txt,0.496888799678844,0.746035728623043,0.594189080690486,0.734694901645925,0.6393157210372334,0.5646301667875272,0.6919525643269735,0.5941890806904857,0.4741067844239262
hibachi-res_GaussianNB_MLPClassifier-s53360_0.156.txt,0.527952795279528,0.7001700170017,0.557005700570057,0.708620862086209,0.6086350539690875,0.5623722648266551,0.6947293420583878,0.557005700570057,0.4827482748274828
hibachi-res_GaussianNB_MLPClassifier-s6645_0.110.txt,0.585734293717487,0.666916766706683,0.5,0.666916766706683,0.6897703692592314,0.6567289182229556,0.6874171854296358,0.5,0.4242697078831532
hibachi-res_GaussianNB_MLPClassifier-s7751_0.129.txt,0.521252125212521,0.694119411941194,0.565056505650565,0.712321232123212,0.5429752685954287,0.6093444334027087,0.7025325158282238,0.5650565056505651,0.4819481948194819
hibachi-res_GaussianNB_RandomForestClassifier-s43730_0.065.txt,0.637932769726248,0.632296698872786,0.544182769726248,0.623339371980676,0.6034788915566226,0.6545055522208882,0.6522421468587435,0.544182769726248,0.555102657004831
hibachi-res_GaussianNB_RandomForestClassifier-s4979_0.074.txt,0.579126602564103,0.594200721153846,0.5,0.594200721153846,0.6768833133313332,0.6767520502050206,0.6808337083708371,0.5,0.5554887820512822
hibachi-res_GaussianNB_RandomForestClassifier-s5138_0.074.txt,0.539315726290516,0.5,0.5,0.5,0.5609296482412061,0.5593764844121103,0.5635765894147353,0.5,0.5379151660664265
hibachi-res_GaussianNB_RandomForestClassifier-s86481_0.083.txt,0.5874,0.58045,0.5,0.58045,0.53766875,0.6077937499999999,0.6110312499999999,0.5,0.5029
hibachi-res_GaussianNB_RandomForestClassifier-s98047_0.066.txt,0.609498548693824,0.570763687318587,0.5,0.570763687318587,0.5991649530286078,0.5704289616290915,0.5988055578126269,0.5,0.4798818937043339
hibachi-res_GaussianNB_XGBClassifier-s20609_0.064.txt,0.639507679788424,0.58061234869291,0.5,0.58061234869291,0.6085302600872171,0.6160100356001026,0.6193698343875718,0.5,0.4990336690062048
hibachi-res_GaussianNB_XGBClassifier-s38553_0.068.txt,0.706015037593985,0.692731829573935,0.5,0.692731829573935,0.6610470385997811,0.6633161431473668,0.6784122519143615,0.5,0.5957393483709273
hibachi-res_GaussianNB_XGBClassifier-s48638_0.045.txt,0.59803823441097,0.602292062856571,0.54083675307777,0.609498548693824,0.6145220668662612,0.6162034114418936,0.6092873974161047,0.54083675307777,0.47833049744770295
hibachi-res_GaussianNB_XGBClassifier-s80089_0.081.txt,0.609674185463659,0.586466165413534,0.5,0.586466165413534,0.6292795749335833,0.6432567588685733,0.6437005782153462,0.5,0.5034085213032582
hibachi-res_GaussianNB_XGBClassifier-s87904_0.061.txt,0.582729468599034,0.560537439613527,0.488123993558776,0.532306763285024,0.5520208083233293,0.6326749449779911,0.6333001950780313,0.48812399355877617,0.5269726247987117
hibachi-res_GradientBoostingClassifier_BernoulliNB-s16851_0.598.txt,0.504701880752301,0.593337334933974,0.927571028411365,0.901760704281713,0.6314189104727618,0.5191067276681917,0.5924491862296557,0.9275710284113645,0.6375550220088034
hibachi-res_GradientBoostingClassifier_BernoulliNB-s1844_0.582.txt,0.496498599439776,0.5,0.977140856342537,0.977140856342537,0.5035282132053301,0.5194067351683792,0.5676891922298057,0.977140856342537,0.9527811124449781
hibachi-res_GradientBoostingClassifier_BernoulliNB-s24474_0.620.txt,0.479147824339262,0.5,0.985981308411215,0.985981308411215,0.5433726578764747,0.5382148282911642,0.5451669573806978,0.9859813084112149,0.48779017184202594
hibachi-res_GradientBoostingClassifier_BernoulliNB-s49966_0.615.txt,0.422155388471178,0.482205513784461,0.871177944862155,0.871127819548872,0.5700453195811845,0.50181590873574,0.6002500390686045,0.8711779448621554,0.4855137844611528
hibachi-res_GradientBoostingClassifier_BernoulliNB-s51889_0.585.txt,0.699074074074074,0.78341384863124,0.968548711755233,0.965579710144928,0.695234343737495,0.6309273709483794,0.8167391956782714,0.9685487117552335,0.7055152979066022
hibachi-res_GradientBoostingClassifier_DecisionTreeClassifier-s16903_0.506.txt,0.5181,0.5,0.5,0.5,0.532521875,0.52498125,0.55055625,0.5,0.49110000000000004
hibachi-res_GradientBoostingClassifier_DecisionTreeClassifier-s23495_0.445.txt,0.552621048419368,0.5,0.5,0.5,0.5839677241931048,0.5646578664466612,0.5663141578539463,0.5,0.4515806322529011
hibachi-res_GradientBoostingClassifier_DecisionTreeClassifier-s61624_0.522.txt,0.446808510638298,0.5,0.535327177840225,0.535327177840225,0.6044516266159886,0.5199169813207972,0.5228270110774924,0.5353271778402249,0.48083099156965076
hibachi-res_GradientBoostingClassifier_DecisionTreeClassifier-s92529_0.492.txt,0.462770297837617,0.5,0.5,0.5,0.5255375334785112,0.5215576581312107,0.5229030562438988,0.5,0.4904120767033865
hibachi-res_GradientBoostingClassifier_DecisionTreeClassifier-s9552_0.484.txt,0.442292252107587,0.5,0.5,0.5,0.5745949088544922,0.5503425770798429,0.5614888349878723,0.5,0.4397832195905259
hibachi-res_GradientBoostingClassifier_ExtraTreesClassifier-s24115_0.365.txt,0.45984598459846,0.5,0.5,0.5,0.5627285170532316,0.4857592859955374,0.5735098344364652,0.5,0.4736473647364736
hibachi-res_GradientBoostingClassifier_ExtraTreesClassifier-s30165_0.372.txt,0.55620058052247,0.5,0.578270443399059,0.578270443399059,0.530267327537174,0.555562500390647,0.5670256451925421,0.5782704433990591,0.5323791412271044
hibachi-res_GradientBoostingClassifier_ExtraTreesClassifier-s35437_0.355.txt,0.496533011757612,0.5,0.5,0.5,0.5561484454614226,0.5332820676332126,0.5671049258835519,0.5,0.4956285800422068
hibachi-res_GradientBoostingClassifier_ExtraTreesClassifier-s54575_0.351.txt,0.48366998291629,0.5,0.519596020500452,0.519596020500452,0.5660014629480279,0.5771517527242718,0.5856293489881276,0.5195960205004522,0.532006833484072
hibachi-res_GradientBoostingClassifier_ExtraTreesClassifier-s74151_0.374.txt,0.518,0.5,0.51905,0.51905,0.569071875,0.52786875,0.567309375,0.51905,0.4635
hibachi-res_GradientBoostingClassifier_GaussianNB-s60712_0.579.txt,0.416800481734243,0.5,0.985849056603774,0.985849056603774,0.5738572428796479,0.5263715586006852,0.5662805381210773,0.9858490566037736,0.9544359694901646
hibachi-res_GradientBoostingClassifier_GaussianNB-s64827_0.564.txt,0.442632850241546,0.5,0.942230273752013,0.942230273752013,0.6405343387354943,0.5185261604641858,0.5350077531012405,0.9422302737520128,0.7448671497584541
hibachi-res_GradientBoostingClassifier_GaussianNB-s66354_0.579.txt,0.453892094341533,0.5,0.767992711812936,0.767992711812936,0.5747190062484754,0.5073461805490402,0.5309327679057287,0.7679927118129365,0.4665451968822756
hibachi-res_GradientBoostingClassifier_GaussianNB-s68988_0.565.txt,0.453939393939394,0.5,0.771717171717172,0.771717171717172,0.5374921826141339,0.5008255159474672,0.5306816760475297,0.7717171717171716,0.6311111111111112
hibachi-res_GradientBoostingClassifier_GaussianNB-s85018_0.562.txt,0.439833603896104,0.5,0.5,0.5,0.4975040036032429,0.5290574016614953,0.5486375237713943,0.5,0.4988839285714286
hibachi-res_GradientBoostingClassifier_KNeighborsClassifier-s38348_0.454.txt,0.522052205220522,0.5,0.745124512451245,0.745124512451245,0.604735029593935,0.5183063644147776,0.5782442390264939,0.7451245124512451,0.3666366636663666
hibachi-res_GradientBoostingClassifier_KNeighborsClassifier-s71118_0.509.txt,0.500150135121609,0.5,0.5,0.5,0.5898425536436425,0.5114475189229395,0.5740447900194385,0.5,0.4911420278250425
hibachi-res_GradientBoostingClassifier_KNeighborsClassifier-s78540_0.439.txt,0.471524371934741,0.5,0.5,0.5,0.501425080160759,0.4829521660593409,0.5672194060915927,0.5,0.5212691422280051
hibachi-res_GradientBoostingClassifier_KNeighborsClassifier-s95529_0.506.txt,0.409520933977456,0.5,0.719001610305958,0.719001610305958,0.5589735894357742,0.5113983093237295,0.5482880652260904,0.7190016103059581,0.6481481481481481
hibachi-res_GradientBoostingClassifier_KNeighborsClassifier-s99997_0.493.txt,0.53531412565026,0.524909963985594,0.5,0.524909963985594,0.5291101027525689,0.5485574639365984,0.5617577939448486,0.5,0.5376150460184074
hibachi-res_GradientBoostingClassifier_LogisticRegression-s15_0.619.txt,0.463,0.65,0.926,0.90925,0.752490625,0.508421875,0.700309375,0.926,0.5700000000000001
hibachi-res_GradientBoostingClassifier_LogisticRegression-s44956_0.593.txt,0.427853037766831,0.693144499178982,0.816553776683087,0.928674055829228,0.714809319911859,0.5128267728365384,0.7100923978365384,0.816553776683087,0.7910509031198687
hibachi-res_GradientBoostingClassifier_LogisticRegression-s74534_0.603.txt,0.414035087719298,0.80952380952381,0.962706766917293,0.99187969924812,0.6182903578684169,0.5815002344116268,0.8071729957805907,0.9627067669172932,0.9209022556390978
hibachi-res_GradientBoostingClassifier_LogisticRegression-s78003_0.615.txt,0.403131313131313,0.986363636363636,0.5,0.986363636363636,0.524712320200125,0.4986741713570982,0.9982989368355222,0.5,0.5193939393939394
hibachi-res_GradientBoostingClassifier_LogisticRegression-s91130_0.602.txt,0.4515,0.715,0.9781,0.9594,0.635428125,0.49705625,0.7053375000000001,0.9781,0.4178
hibachi-res_GradientBoostingClassifier_MLPClassifier-s11517_0.259.txt,0.537560096153846,0.607772435897436,0.792267628205128,0.815254407051282,0.5853335333533354,0.5221147114711471,0.6383200820082008,0.7922676282051283,0.5220352564102564
hibachi-res_GradientBoostingClassifier_MLPClassifier-s20931_0.348.txt,0.56701030927835,0.5,0.663647282554299,0.663647282554299,0.6009150514716453,0.5478183147802064,0.5785856704439625,0.663647282554299,0.608948053247923
hibachi-res_GradientBoostingClassifier_MLPClassifier-s21979_0.309.txt,0.525410164065626,0.515106042416967,0.775210084033613,0.785614245698279,0.5987274681867046,0.5087814695367384,0.5786144653616341,0.7752100840336134,0.5366146458583434
hibachi-res_GradientBoostingClassifier_MLPClassifier-s33712_0.240.txt,0.560818948213569,0.547671617824167,0.864010437575271,0.882175832998796,0.6083024930609386,0.6015415968592933,0.6468830486859544,0.864010437575271,0.48464472099558414
hibachi-res_GradientBoostingClassifier_MLPClassifier-s77167_0.380.txt,0.522,0.5,0.58595,0.58595,0.574175,0.5293,0.577175,0.58595,0.5959
hibachi-res_GradientBoostingClassifier_RandomForestClassifier-s10983_0.359.txt,0.494545454545455,0.5,0.5,0.5,0.5534240150093809,0.5154471544715448,0.5505503439649782,0.5,0.4450505050505051
hibachi-res_GradientBoostingClassifier_RandomForestClassifier-s34253_0.401.txt,0.500050125313283,0.5,0.5,0.5,0.5445257071417409,0.5004469448351305,0.5571995624316299,0.5,0.49022556390977445
hibachi-res_GradientBoostingClassifier_RandomForestClassifier-s35883_0.340.txt,0.51161858974359,0.5,0.5,0.5,0.5609779727972797,0.5149202420242024,0.5660472297229724,0.5,0.5136217948717948
hibachi-res_GradientBoostingClassifier_RandomForestClassifier-s76704_0.353.txt,0.483373397435897,0.5,0.5,0.5,0.5626468896889689,0.5393664366436643,0.5489986498649865,0.5,0.5165264423076923
hibachi-res_GradientBoostingClassifier_RandomForestClassifier-s95091_0.311.txt,0.458048976314733,0.5,0.5,0.5,0.5571534845340201,0.5096709259583406,0.5339982746117877,0.5,0.47852268165395423
hibachi-res_GradientBoostingClassifier_XGBClassifier-s38122_0.553.txt,0.462546254625463,0.5,0.5,0.5,0.5489471809198807,0.5152907205670035,0.5456534103338145,0.5,0.43914391439143907
hibachi-res_GradientBoostingClassifier_XGBClassifier-s42587_0.500.txt,0.528311324529812,0.5,0.724589835934374,0.724589835934374,0.667844821120528,0.4759118977974449,0.5568389209730242,0.7245898359343738,0.6845738295318128
hibachi-res_GradientBoostingClassifier_XGBClassifier-s63848_0.478.txt,0.553383458646617,0.5,0.5,0.5,0.5749179559306141,0.5391029848413815,0.559943741209564,0.5,0.5407518796992481
hibachi-res_GradientBoostingClassifier_XGBClassifier-s85142_0.490.txt,0.5398,0.5,0.5,0.5,0.5498062499999999,0.5370999999999999,0.5490875,0.5,0.43960000000000005
hibachi-res_GradientBoostingClassifier_XGBClassifier-s93248_0.459.txt,0.439043904390439,0.5,0.5,0.5,0.5453752835955226,0.5195001218757618,0.5676722979518621,0.5,0.5014501450145015
hibachi-res_KNeighborsClassifier_BernoulliNB-s13719_0.552.txt,0.804944226710883,0.822279167922822,0.5,0.822279167922822,0.7487605579208633,0.8270376552819301,0.999681152352908,0.5,0.5173349412119385
hibachi-res_KNeighborsClassifier_BernoulliNB-s60777_0.553.txt,0.811472930738986,0.986188123802803,0.544056860570622,0.859360822663575,0.7674760347425884,0.8433957190827857,0.991727061825049,0.544056860570622,0.3662667607621737
hibachi-res_KNeighborsClassifier_BernoulliNB-s75655_0.578.txt,0.8131328320802,0.983558897243108,0.5,0.983558897243108,0.7800750117205812,0.8298077824660104,0.9880106266604156,0.5,0.5147869674185463
hibachi-res_KNeighborsClassifier_BernoulliNB-s76193_0.563.txt,0.7521,0.9816,0.447,0.9816,0.7998843750000001,0.797990625,0.976071875,0.44700000000000006,0.40040000000000003
hibachi-res_KNeighborsClassifier_BernoulliNB-s80846_0.593.txt,0.824942216862627,0.982413827756004,0.610642146517938,0.987538940809969,0.9719289032266132,0.8205575457483854,0.9815005845540196,0.6106421465179379,0.27173148427293736
hibachi-res_KNeighborsClassifier_DecisionTreeClassifier-s18603_0.299.txt,0.50192775974026,0.5,0.977272727272727,0.977272727272727,0.5684334651186067,0.5470048043238915,0.5513587228505654,0.9772727272727273,0.8337053571428572
hibachi-res_KNeighborsClassifier_DecisionTreeClassifier-s3478_0.327.txt,0.4454,0.5,0.99,0.99,0.558834375,0.52561875,0.5482624999999999,0.99,0.6965
hibachi-res_KNeighborsClassifier_DecisionTreeClassifier-s63872_0.387.txt,0.405092592592593,0.5,0.928442028985507,0.928442028985507,0.5166973039215685,0.5603022458983594,0.587281787715086,0.9284420289855073,0.5746779388083736
hibachi-res_KNeighborsClassifier_DecisionTreeClassifier-s66842_0.322.txt,0.5256,0.5,0.99,0.99,0.5729249999999999,0.54548125,0.55935,0.99,0.7614
hibachi-res_KNeighborsClassifier_DecisionTreeClassifier-s99036_0.231.txt,0.490876096380684,0.5,0.682276439157173,0.682276439157173,0.5922404467261552,0.5142572177164689,0.5540210981809541,0.6822764391571732,0.5783849178344591
hibachi-res_KNeighborsClassifier_ExtraTreesClassifier-s25280_0.038.txt,0.794715243719347,0.762135922330097,0.5,0.762135922330097,0.8011544399372466,0.7933039983499072,0.7949853429255396,0.5,0.507456711039936
hibachi-res_KNeighborsClassifier_ExtraTreesClassifier-s30106_0.150.txt,0.566409768791913,0.5,0.5,0.5,0.537952134807583,0.5088411223131301,0.5491121375577376,0.5,0.5457912120908818
hibachi-res_KNeighborsClassifier_ExtraTreesClassifier-s4509_0.154.txt,0.4947,0.5,0.5,0.5,0.567453125,0.538175,0.5644562499999999,0.5,0.49265000000000003
hibachi-res_KNeighborsClassifier_ExtraTreesClassifier-s75368_0.069.txt,0.564711779448622,0.5,0.5,0.5,0.5210220346929209,0.530210970464135,0.5454571026722925,0.5,0.4667669172932331
hibachi-res_KNeighborsClassifier_ExtraTreesClassifier-s7884_0.062.txt,0.47974797479748,0.5,0.5,0.5,0.5564441027756424,0.523425146407165,0.5635753973462334,0.5,0.46344634463446344
hibachi-res_KNeighborsClassifier_GaussianNB-s13783_0.464.txt,0.458712841557402,0.5,0.974226804123711,0.974226804123711,0.5100568156958829,0.5076473051609153,0.5398116144033102,0.9742268041237113,0.5661094985486939
hibachi-res_KNeighborsClassifier_GaussianNB-s20575_0.438.txt,0.437894104694225,0.5,0.938794915423881,0.938794915423881,0.548037077085586,0.5244263739835366,0.5447931446143846,0.9387949154238815,0.5908317485737163
hibachi-res_KNeighborsClassifier_GaussianNB-s58181_0.480.txt,0.518707482993197,0.5,0.959933973589436,0.959933973589436,0.5055220130503262,0.5217630440761019,0.5299444986124653,0.9599339735894358,0.5977390956382553
hibachi-res_KNeighborsClassifier_GaussianNB-s93506_0.501.txt,0.446315152737171,0.5,0.977064220183486,0.977064220183486,0.5523077307887119,0.5197318642562798,0.546189008185394,0.9770642201834863,0.8946466377659039
hibachi-res_KNeighborsClassifier_GaussianNB-s97438_0.432.txt,0.409663865546218,0.5,0.995098039215686,0.995098039215686,0.549844996124903,0.5374509362734068,0.5453573839345983,0.9950980392156863,0.7240896358543417
hibachi-res_KNeighborsClassifier_GradientBoostingClassifier-s17227_0.215.txt,0.514251304696909,0.5,0.5,0.5,0.5618482908654447,0.5527368657948039,0.5713285489235078,0.5,0.43024889602569244
hibachi-res_KNeighborsClassifier_GradientBoostingClassifier-s48835_0.156.txt,0.471724552096887,0.5,0.5,0.5,0.6057496984205362,0.5773637267096274,0.593039608477977,0.5,0.4776298668801922
hibachi-res_KNeighborsClassifier_GradientBoostingClassifier-s60357_0.203.txt,0.525876796301879,0.5,0.5,0.5,0.5639664647298236,0.5335133884752206,0.568361560727973,0.5,0.6547080695407497
hibachi-res_KNeighborsClassifier_GradientBoostingClassifier-s66925_0.148.txt,0.466519867881093,0.5,0.5,0.5,0.573216618434787,0.5354801207567925,0.5872267815064598,0.5,0.46591932739465525
hibachi-res_KNeighborsClassifier_GradientBoostingClassifier-s93324_0.124.txt,0.46195652173913,0.5,0.5,0.5,0.5900078781512604,0.515734418767507,0.5666422819127651,0.5,0.5272745571658615
hibachi-res_KNeighborsClassifier_LogisticRegression-s63965_0.562.txt,0.4639,0.9956,0.5,0.9956,0.99341875,0.7050031250000001,0.9994125,0.5,0.5003
hibachi-res_KNeighborsClassifier_LogisticRegression-s66137_0.549.txt,0.399659863945578,0.769907963185274,1.0,1.0,0.5454105102627567,0.5911804045101128,0.8025950648766219,1.0,0.7008803521408563
hibachi-res_KNeighborsClassifier_LogisticRegression-s83070_0.589.txt,0.406340634063406,0.984848484848485,0.506400640064006,0.998199819981998,0.7719735748348426,0.5124282026762668,0.9949749685935536,0.5064006400640064,0.5201520152015202
hibachi-res_KNeighborsClassifier_LogisticRegression-s87014_0.581.txt,0.379977820344793,0.989010989010989,0.5,0.989010989010989,0.7659815281486252,0.7605819195967959,0.999631063225758,0.5,0.5104345196088316
hibachi-res_KNeighborsClassifier_LogisticRegression-s94970_0.548.txt,0.456034569390011,0.994623655913978,0.5,0.994623655913978,1.0,0.7500922157410708,1.0,0.5,0.5481861119485478
hibachi-res_KNeighborsClassifier_MLPClassifier-s14313_0.131.txt,0.634270843759383,0.645080572515264,0.635421879691723,0.696977279551596,0.5867705058409536,0.6202161371577151,0.6958203898969317,0.6354218796917226,0.624061655489941
hibachi-res_KNeighborsClassifier_MLPClassifier-s52_0.142.txt,0.540551378446115,0.508922305764411,0.570275689223058,0.575037593984962,0.6316268166901078,0.6017752773870918,0.6053945929051414,0.5702756892230576,0.5555889724310776
hibachi-res_KNeighborsClassifier_MLPClassifier-s54740_0.114.txt,0.586778100290261,0.703282954659193,0.60884796316685,0.741066960264238,0.6540836672062803,0.6285509809926808,0.7163934221299948,0.6088479631668502,0.43834451005905306
hibachi-res_KNeighborsClassifier_MLPClassifier-s62465_0.125.txt,0.474389755902361,0.559773909563826,0.653661464585834,0.665216086434574,0.6159060226505663,0.5729861996549913,0.6615509137728443,0.6536614645858343,0.45808323329331724
hibachi-res_KNeighborsClassifier_MLPClassifier-s80805_0.174.txt,0.513020833333333,0.5,0.481820913461538,0.481820913461538,0.556758800880088,0.5318969396939695,0.5568056805680568,0.48182091346153844,0.5445713141025641
hibachi-res_KNeighborsClassifier_RandomForestClassifier-s1046_0.052.txt,0.584733893557423,0.600990396158463,0.600390156062425,0.649909963985594,0.5864334108352709,0.5650235005875147,0.5766675416885422,0.600390156062425,0.4539815926370548
hibachi-res_KNeighborsClassifier_RandomForestClassifier-s2791_0.045.txt,0.511904761904762,0.569827931172469,0.548069227691076,0.588635454181673,0.6144466111652791,0.5341914797869947,0.6162841571039277,0.5480692276910765,0.5069027611044419
hibachi-res_KNeighborsClassifier_RandomForestClassifier-s28735_0.065.txt,0.570877192982456,0.541854636591479,0.498496240601504,0.522055137844611,0.564285044538209,0.5481575246132209,0.5773058290357869,0.49849624060150377,0.4978947368421053
hibachi-res_KNeighborsClassifier_RandomForestClassifier-s76916_0.056.txt,0.836734693877551,0.780612244897959,0.5,0.780612244897959,0.7861946548663716,0.7845477386934674,0.7878040701017525,0.5,0.5184073629451781
hibachi-res_KNeighborsClassifier_RandomForestClassifier-s78520_0.107.txt,0.534613845538215,0.5,0.5,0.5,0.5759643991099778,0.534972749318733,0.5607077676941924,0.5,0.46478591436574634
hibachi-res_KNeighborsClassifier_XGBClassifier-s29217_0.235.txt,0.427394231735504,0.5,0.467792181690282,0.467792181690282,0.5688179504973399,0.5285837537745934,0.5360860513532268,0.46779218169028236,0.4368907647472617
hibachi-res_KNeighborsClassifier_XGBClassifier-s37403_0.209.txt,0.537603760376038,0.5,0.5,0.5,0.5959037243982774,0.5132782079887999,0.5544972156075976,0.5,0.5605060506050604
hibachi-res_KNeighborsClassifier_XGBClassifier-s41377_0.230.txt,0.539130434782609,0.5,0.994117647058824,0.994117647058824,0.5605507745266782,0.5442403379752777,0.5850352057580974,0.9941176470588236,0.5965217391304348
hibachi-res_KNeighborsClassifier_XGBClassifier-s60797_0.171.txt,0.508103241296519,0.5,0.5,0.5,0.5463449086227156,0.520756768919223,0.5774269356733919,0.5,0.5279111644657863
hibachi-res_KNeighborsClassifier_XGBClassifier-s63890_0.192.txt,0.527875087578821,0.5,0.673656290661595,0.673656290661595,0.5970710852485452,0.5496371670906488,0.556287541174191,0.6736562906615954,0.4700230207186468
hibachi-res_LogisticRegression_BernoulliNB-s29234_0.424.txt,0.774135338345865,0.965413533834587,0.583809523809524,0.965413533834587,0.8870761056415065,0.8732551961243945,0.9831223628691984,0.5838095238095239,0.3711278195488722
hibachi-res_LogisticRegression_BernoulliNB-s49034_0.350.txt,0.826923076923077,1.0,0.5,1.0,0.7163216321632163,0.8942675517551756,0.9998312331233122,0.5,0.4527243589743589
hibachi-res_LogisticRegression_BernoulliNB-s89811_0.314.txt,0.792773752012882,1.0,0.760466988727858,0.835748792270531,0.9788165266106444,0.8603941576630653,0.9933660964385757,0.7604669887278582,0.5860507246376812
hibachi-res_LogisticRegression_BernoulliNB-s90764_0.400.txt,0.792517006802721,0.992396958783513,0.52921168467387,0.992396958783513,0.6921829295732393,0.8653466336658416,0.9886809670241756,0.5292116846738696,0.4920968387354942
hibachi-res_LogisticRegression_BernoulliNB-s99676_0.416.txt,0.786507857071364,0.989340406365729,0.507456711039936,0.992793514162747,0.9012819471095248,0.8624547630804232,0.9843491196379796,0.507456711039936,0.3910519467520769
hibachi-res_LogisticRegression_DecisionTreeClassifier-s21275_0.098.txt,0.547175480769231,0.497095352564103,0.5,0.497095352564103,0.6495868336833683,0.6221122112211221,0.6518995649564956,0.5,0.5113181089743589
hibachi-res_LogisticRegression_DecisionTreeClassifier-s23847_0.110.txt,0.596738695478191,0.5,0.5,0.5,0.634615865396635,0.6308563964099103,0.6432004550113753,0.5,0.615846338535414
hibachi-res_LogisticRegression_DecisionTreeClassifier-s47690_0.109.txt,0.635972375137624,0.622960664598138,0.5,0.622960664598138,0.5757011331887418,0.6712533830027939,0.6764161734097542,0.5,0.49714743268942047
hibachi-res_LogisticRegression_DecisionTreeClassifier-s7880_0.095.txt,0.658165816581658,0.591359135913591,0.5,0.591359135913591,0.6088225551409696,0.6474977968612303,0.6524228276426728,0.5,0.5926092609260927
hibachi-res_LogisticRegression_DecisionTreeClassifier-s82511_0.092.txt,0.578957895789579,0.541204120412041,0.5,0.541204120412041,0.5296283101769387,0.649619685123032,0.6464571653572835,0.5,0.523852385238524
hibachi-res_LogisticRegression_ExtraTreesClassifier-s26411_0.069.txt,0.604941976790716,0.59483793517407,0.5,0.59483793517407,0.6353033825845646,0.6307845196129902,0.6408253956348909,0.5,0.5014505802320928
hibachi-res_LogisticRegression_ExtraTreesClassifier-s38704_0.066.txt,0.511843303978135,0.5,0.5,0.5,0.5749066481526655,0.5360616466202566,0.5711131543229567,0.5,0.5061747140398826
hibachi-res_LogisticRegression_ExtraTreesClassifier-s56940_0.044.txt,0.658854166666667,0.665064102564102,0.5,0.665064102564102,0.6471022102210221,0.6539935243524352,0.6542810531053105,0.5,0.4255809294871795
hibachi-res_LogisticRegression_ExtraTreesClassifier-s84198_0.047.txt,0.559344951923077,0.545673076923077,0.607421875,0.611077724358974,0.6187431243124313,0.6447801030103011,0.6423736123612361,0.607421875,0.5377103365384616
hibachi-res_LogisticRegression_ExtraTreesClassifier-s99518_0.068.txt,0.4454,0.5,0.5,0.5,0.55704375,0.5767593750000001,0.589921875,0.5,0.4956999999999999
hibachi-res_LogisticRegression_GaussianNB-s243_0.059.txt,0.597121578099839,0.5,0.639492753623188,0.639492753623188,0.5279486794717887,0.5062337434973989,0.553421368547419,0.6394927536231885,0.6327495974235104
hibachi-res_LogisticRegression_GaussianNB-s24646_0.048.txt,0.6988,0.6441,0.63195,0.6371,0.625975,0.624434375,0.621796875,0.63195,0.5856999999999999
hibachi-res_LogisticRegression_GaussianNB-s24988_0.033.txt,0.650841346153846,0.571464342948718,0.752604166666667,0.716746794871795,0.6676386388638864,0.663769501950195,0.6831245624562456,0.7526041666666666,0.37860576923076916
hibachi-res_LogisticRegression_GaussianNB-s5716_0.029.txt,0.74575,0.7596,0.7358,0.79925,0.7776562499999999,0.7431374999999999,0.7773124999999999,0.7358,0.6693500000000001
hibachi-res_LogisticRegression_GaussianNB-s99025_0.027.txt,0.587615415495785,0.547270172621437,0.59433962264151,0.605680449618627,0.607299142307019,0.5899764947113101,0.6320797179365358,0.5943396226415094,0.4956844640706543
hibachi-res_LogisticRegression_GradientBoostingClassifier-s15123_0.073.txt,0.666262626262626,0.648838383838384,0.5,0.648838383838384,0.7156879299562227,0.7080268918073797,0.7152376485303314,0.5,0.4446464646464646
hibachi-res_LogisticRegression_GradientBoostingClassifier-s22095_0.071.txt,0.60865,0.6133,0.5,0.6133,0.578740625,0.585790625,0.596628125,0.5,0.46384999999999993
hibachi-res_LogisticRegression_GradientBoostingClassifier-s38616_0.084.txt,0.772708942433713,0.700977921161407,0.474342171589878,0.691803609234802,0.7094904295299495,0.7012237445206636,0.6961367942520901,0.474342171589878,0.6978021978021979
hibachi-res_LogisticRegression_GradientBoostingClassifier-s57071_0.045.txt,0.735176282051282,0.739583333333333,0.5,0.739583333333333,0.7790810331033103,0.7947607260726072,0.7941356635663567,0.5,0.46464342948717946
hibachi-res_LogisticRegression_GradientBoostingClassifier-s59416_0.070.txt,0.678871548619448,0.562725090036014,0.5,0.562725090036014,0.6100121253031326,0.631140778519463,0.6335970899272482,0.5,0.5557222889155663
hibachi-res_LogisticRegression_KNeighborsClassifier-s1200_0.075.txt,0.64250700280112,0.617947178871549,0.55062024809924,0.62640056022409,0.6160435260881522,0.6154247606190155,0.6207436435910898,0.5506202480992397,0.5275610244097639
hibachi-res_LogisticRegression_KNeighborsClassifier-s5271_0.083.txt,0.700902255639098,0.690726817042607,0.436992481203008,0.672982456140351,0.6621347085482107,0.519443663072355,0.6699109235818096,0.4369924812030075,0.5516290726817044
hibachi-res_LogisticRegression_KNeighborsClassifier-s5516_0.064.txt,0.676061381074169,0.642455242966752,0.5,0.642455242966752,0.5562916601470818,0.6247410420904398,0.6446878422782036,0.5,0.5382608695652175
hibachi-res_LogisticRegression_KNeighborsClassifier-s74566_0.096.txt,0.618247298919568,0.585234093637455,0.5,0.585234093637455,0.5759050226255656,0.6756137653441336,0.679857621440536,0.5,0.5617246898759504
hibachi-res_LogisticRegression_KNeighborsClassifier-s74865_0.093.txt,0.534413765506202,0.501350540216086,0.5,0.501350540216086,0.6155185129628241,0.4843027325683142,0.6204092602315058,0.5,0.4949979991996798
hibachi-res_LogisticRegression_MLPClassifier-s38148_0.101.txt,0.702581032412965,0.680772308923569,0.5,0.680772308923569,0.6922454311357785,0.6968611715292883,0.706886422160554,0.5,0.39005602240896364
hibachi-res_LogisticRegression_MLPClassifier-s52096_0.104.txt,0.6868,0.62975,0.5552,0.63915,0.704784375,0.693296875,0.7115906250000001,0.5551999999999999,0.4518
hibachi-res_LogisticRegression_MLPClassifier-s52388_0.112.txt,0.621198479391757,0.626950780312125,0.5,0.626950780312125,0.7314370359258981,0.733249581239531,0.7363309082727068,0.5,0.5843837535014005
hibachi-res_LogisticRegression_MLPClassifier-s54501_0.115.txt,0.668370927318296,0.687568922305764,0.5,0.687568922305764,0.7270667291764339,0.7211283012970776,0.7232223784966401,0.5,0.5156892230576441
hibachi-res_LogisticRegression_MLPClassifier-s75023_0.090.txt,0.6542,0.635,0.6285,0.6777,0.58965625,0.675540625,0.6786531250000001,0.6285000000000001,0.6296999999999999
hibachi-res_LogisticRegression_RandomForestClassifier-s38099_0.056.txt,0.729456510859774,0.737113402061856,0.5,0.737113402061856,0.8141801726347108,0.8071047746435738,0.8107862317255345,0.5,0.5039535582023821
hibachi-res_LogisticRegression_RandomForestClassifier-s46163_0.073.txt,0.545363408521303,0.546666666666667,0.5,0.546666666666667,0.6085138302859822,0.6346147835599313,0.6320581340834506,0.5,0.5268170426065163
hibachi-res_LogisticRegression_RandomForestClassifier-s59539_0.086.txt,0.644921718185468,0.616619831393015,0.5,0.616619831393015,0.5351547848265861,0.5894545022630091,0.6321328548923507,0.5,0.543054997992774
hibachi-res_LogisticRegression_RandomForestClassifier-s6645_0.064.txt,0.753734335839599,0.768421052631579,0.5,0.768421052631579,0.5694733552117519,0.7703922487888732,0.7795249257696515,0.5,0.4537844611528822
hibachi-res_LogisticRegression_RandomForestClassifier-s89390_0.067.txt,0.593609360936094,0.610761076107611,0.591609160916092,0.628262826282628,0.5115313220707629,0.6555447221545135,0.663788523678273,0.5916091609160916,0.4527952795279528
hibachi-res_LogisticRegression_XGBClassifier-s1018_0.084.txt,0.524721133554417,0.5,0.5,0.5,0.5112503204106257,0.563069314977712,0.5778926046101619,0.5,0.4714601547583157
hibachi-res_LogisticRegression_XGBClassifier-s13681_0.061.txt,0.585884353741497,0.570528211284514,0.5,0.570528211284514,0.6347377434435861,0.6259750243756095,0.635137753443836,0.5,0.4945478191276511
hibachi-res_LogisticRegression_XGBClassifier-s23316_0.076.txt,0.598181818181818,0.575050505050505,0.5,0.575050505050505,0.6081300813008129,0.6018699186991869,0.6079237023139462,0.5,0.5422222222222223
hibachi-res_LogisticRegression_XGBClassifier-s2502_0.084.txt,0.597136699507389,0.598522167487685,0.5,0.598522167487685,0.6403245192307693,0.6211657401842948,0.6291128305288461,0.5,0.4879412972085386
hibachi-res_LogisticRegression_XGBClassifier-s90445_0.088.txt,0.556603773584906,0.556503412284223,0.5,0.556503412284223,0.5433378760221049,0.6703977144857594,0.6740110274811832,0.5,0.5625250903251707
hibachi-res_MLPClassifier_BernoulliNB-s16241_0.609.txt,0.552455245524552,0.557405740574057,0.968846884688469,0.973597359735974,0.561094131838324,0.5055062844142776,0.6292976831105194,0.9688468846884688,0.5321532153215321
hibachi-res_MLPClassifier_BernoulliNB-s58147_0.603.txt,0.460044283413849,0.534219001610306,0.816173510466989,0.825432769726248,0.5435893107242897,0.5458808523409364,0.5959696378551421,0.8161735104669887,0.50432769726248
hibachi-res_MLPClassifier_BernoulliNB-s58272_0.588.txt,0.477991196478591,0.5,0.918167266906763,0.918167266906763,0.5643672341808545,0.485652766319158,0.5286163404085102,0.9181672669067628,0.7747098839535814
hibachi-res_MLPClassifier_BernoulliNB-s65805_0.589.txt,0.435252525252525,0.5,0.934848484848485,0.934848484848485,0.5708755472170106,0.5159474671669794,0.5507191994996873,0.9348484848484849,0.8860606060606061
hibachi-res_MLPClassifier_BernoulliNB-s94819_0.573.txt,0.453708337503753,0.5,0.595085577019317,0.595085577019317,0.5398022388759368,0.501425080160759,0.5525904582132746,0.5950855770193173,0.4669202282053848
hibachi-res_MLPClassifier_DecisionTreeClassifier-s11274_0.520.txt,0.537860576923077,0.5,0.5,0.5,0.5549336183618362,0.5281840684068406,0.5522802280228023,0.5,0.4833733974358974
hibachi-res_MLPClassifier_DecisionTreeClassifier-s13058_0.525.txt,0.457345734573457,0.5,0.5,0.5,0.4774811092569328,0.5436627728923306,0.5580128625803911,0.5,0.5246524652465246
hibachi-res_MLPClassifier_DecisionTreeClassifier-s25473_0.546.txt,0.463985594237695,0.5,0.5,0.5,0.5412854071351784,0.546716792919823,0.5587045926148153,0.5,0.5514205682272909
hibachi-res_MLPClassifier_DecisionTreeClassifier-s91223_0.495.txt,0.448324729223606,0.5,0.5,0.5,0.5537719150107268,0.5192676961952476,0.552524096347863,0.5,0.5773863751391841
hibachi-res_MLPClassifier_DecisionTreeClassifier-s92952_0.521.txt,0.46231309124199,0.5,0.5,0.5,0.5471404170655254,0.544969373901183,0.553997660028405,0.5,0.496490692706744
hibachi-res_MLPClassifier_ExtraTreesClassifier-s15893_0.513.txt,0.4569,0.5,0.5,0.5,0.51311875,0.51438125,0.5659062499999999,0.5,0.5467000000000001
hibachi-res_MLPClassifier_ExtraTreesClassifier-s17752_0.512.txt,0.474646464646465,0.5,0.5,0.5,0.5871826141338337,0.5491119449656036,0.5510631644777987,0.5,0.5409090909090909
hibachi-res_MLPClassifier_ExtraTreesClassifier-s22807_0.516.txt,0.427361629196492,0.5,0.5,0.5,0.550384882346688,0.4715574759722108,0.5507475659552649,0.5,0.4910777296098397
hibachi-res_MLPClassifier_ExtraTreesClassifier-s43101_0.512.txt,0.500753693096171,0.5,0.5,0.5,0.5763921450944351,0.5333195791211058,0.5527536558070909,0.5,0.49090543663953373
hibachi-res_MLPClassifier_ExtraTreesClassifier-s43424_0.483.txt,0.468070175438596,0.5,0.5,0.5,0.527832473824035,0.5318831067354274,0.5423128613845913,0.5,0.5029573934837093
hibachi-res_MLPClassifier_GaussianNB-s22740_0.584.txt,0.393839383938394,0.5,0.816931693169317,0.816931693169317,0.5681191757448484,0.5219345120907005,0.5352345952162201,0.8169316931693169,0.6239623962396239
hibachi-res_MLPClassifier_GaussianNB-s26703_0.592.txt,0.40922305764411,0.5,0.705213032581454,0.705213032581454,0.5650757930926708,0.5258384122519144,0.527719956243163,0.7052130325814536,0.5112781954887218
hibachi-res_MLPClassifier_GaussianNB-s76063_0.595.txt,0.429494949494949,0.5,0.953030303030303,0.953030303030303,0.6559631019387115,0.5272076297686054,0.5287992495309569,0.953030303030303,0.8451515151515152
hibachi-res_MLPClassifier_GaussianNB-s82016_0.581.txt,0.455929487179487,0.5,0.778846153846154,0.778846153846154,0.5360973597359735,0.5097134713471347,0.5437668766876688,0.7788461538461539,0.783954326923077
hibachi-res_MLPClassifier_GaussianNB-s94884_0.578.txt,0.481592637054822,0.5,0.965086034413766,0.965086034413766,0.683263956598915,0.5310507762694068,0.548057451436286,0.9650860344137655,0.35644257703081234
hibachi-res_MLPClassifier_GradientBoostingClassifier-s11992_0.513.txt,0.450565411349725,0.5,0.5,0.5,0.5661147965096248,0.5158952386321638,0.5569628975375692,0.5,0.5554518103537711
hibachi-res_MLPClassifier_GradientBoostingClassifier-s40781_0.503.txt,0.491682629297308,0.5,0.5,0.5,0.5650360495000594,0.5339922085555813,0.5535614905045679,0.5,0.5581207783042644
hibachi-res_MLPClassifier_GradientBoostingClassifier-s45677_0.525.txt,0.523663810689515,0.5,0.5,0.5,0.5694350579459838,0.5429526169557708,0.5507434106780806,0.5,0.44747042023663813
hibachi-res_MLPClassifier_GradientBoostingClassifier-s64337_0.503.txt,0.489331723027375,0.5,0.5,0.5,0.5678646458583434,0.5435861844737896,0.5600052521008404,0.5,0.43568840579710144
hibachi-res_MLPClassifier_GradientBoostingClassifier-s88926_0.507.txt,0.455431614913074,0.5,0.5,0.5,0.5648479846953129,0.5059924601909335,0.5447293233552776,0.5,0.5120088433323284
hibachi-res_MLPClassifier_KNeighborsClassifier-s26338_0.524.txt,0.470977443609023,0.5,0.5,0.5,0.5894295983747461,0.5081543991248634,0.5526863572433193,0.5,0.5088721804511278
hibachi-res_MLPClassifier_KNeighborsClassifier-s39445_0.578.txt,0.498040397949955,0.5,0.5,0.5,0.5195559890216377,0.5388837831585923,0.5363079943232615,0.5,0.4969349814089036
hibachi-res_MLPClassifier_KNeighborsClassifier-s59271_0.532.txt,0.417267628205128,0.5,0.764423076923077,0.764423076923077,0.5285403540354036,0.5519364436443644,0.5642064206420642,0.7644230769230769,0.582832532051282
hibachi-res_MLPClassifier_KNeighborsClassifier-s81198_0.542.txt,0.47764043814692,0.5,0.5,0.5,0.5661890203874936,0.5543010046826841,0.5731317716050541,0.5,0.5709978896593306
hibachi-res_MLPClassifier_KNeighborsClassifier-s81441_0.592.txt,0.47671617824167,0.5,0.5,0.5,0.5483890125278187,0.5213172963916881,0.5108774474256708,0.5,0.5387394620634283
hibachi-res_MLPClassifier_LogisticRegression-s19227_0.593.txt,0.4584,0.965,0.5,0.965,0.5285968750000001,0.6497062499999999,0.991171875,0.5,0.4625
hibachi-res_MLPClassifier_LogisticRegression-s2599_0.597.txt,0.408020050125313,0.940350877192982,0.92,0.994486215538847,0.7520487576183779,0.6909204563213003,0.9453352086263478,0.9199999999999999,0.9854636591478696
hibachi-res_MLPClassifier_LogisticRegression-s60355_0.587.txt,0.469490164592533,0.77448815736652,0.849708952228021,0.985347250100361,0.7826698507164112,0.488503663324248,0.7791815658523168,0.8497089522280208,0.5308109193095142
hibachi-res_MLPClassifier_LogisticRegression-s61764_0.638.txt,0.401160464185674,0.90016006402561,0.879751900760304,0.977991196478591,0.7290901022525563,0.5205036375909398,0.901963174079352,0.8797519007603041,0.4311724689875951
hibachi-res_MLPClassifier_LogisticRegression-s81372_0.620.txt,0.325620993589744,0.935096153846154,0.856019631410256,0.99208733974359,0.7014357685768575,0.5392664266426643,0.8971240874087409,0.8560196314102565,0.32972756410256415
hibachi-res_MLPClassifier_RandomForestClassifier-s44196_0.488.txt,0.481233109798819,0.5,0.5,0.5,0.5849641542336758,0.5784012850722853,0.5866830009188017,0.5,0.47873085777199476
hibachi-res_MLPClassifier_RandomForestClassifier-s53026_0.490.txt,0.538438378161381,0.5,0.5,0.5,0.5229239078792728,0.5011221274786827,0.551730389337601,0.5,0.5632276194299477
hibachi-res_MLPClassifier_RandomForestClassifier-s58259_0.513.txt,0.451722756410256,0.5,0.5,0.5,0.567525502550255,0.5464765226522652,0.577685893589359,0.5,0.4875801282051282
hibachi-res_MLPClassifier_RandomForestClassifier-s81788_0.502.txt,0.466146614661466,0.5,0.5,0.5,0.5573347333420834,0.5389221182632392,0.5435346470915443,0.5,0.4925992599259926
hibachi-res_MLPClassifier_RandomForestClassifier-s94914_0.492.txt,0.4716,0.5,0.5,0.5,0.5797531250000001,0.5411625,0.5563625,0.5,0.49160000000000004
hibachi-res_MLPClassifier_XGBClassifier-s13954_0.527.txt,0.502408671216379,0.5,0.512595343235648,0.512595343235648,0.5679684178940262,0.508014303218224,0.530769423120202,0.5125953432356484,0.530108390204737
hibachi-res_MLPClassifier_XGBClassifier-s31811_0.493.txt,0.539415766306523,0.5,0.559723889555822,0.559723889555822,0.5688454711367784,0.5049438735968399,0.573876846921173,0.5597238895558223,0.37745098039215685
hibachi-res_MLPClassifier_XGBClassifier-s52364_0.501.txt,0.521957592201789,0.5,0.5,0.5,0.5435664672305893,0.5081837562753593,0.5495683052934962,0.5,0.5090945633604663
hibachi-res_MLPClassifier_XGBClassifier-s56128_0.513.txt,0.4562,0.5,0.5,0.5,0.535290625,0.50746875,0.543096875,0.5,0.5137
hibachi-res_MLPClassifier_XGBClassifier-s85680_0.526.txt,0.453573948986793,0.5,0.5,0.5,0.5606056816263234,0.5424996404429743,0.543096817763993,0.5,0.46547030950700674
hibachi-res_RandomForestClassifier_BernoulliNB-s5159_0.580.txt,0.438475390156062,0.5,0.955732292917167,0.955732292917167,0.5458855221380534,0.528563214080352,0.545782394559864,0.955732292917167,0.8929571828731493
hibachi-res_RandomForestClassifier_BernoulliNB-s72661_0.582.txt,0.409416271801593,0.5,0.779060389152132,0.779060389152132,0.5756976969590856,0.5257161437977976,0.5552811110624755,0.7790603891521324,0.7063212017340458
hibachi-res_RandomForestClassifier_BernoulliNB-s82462_0.588.txt,0.622260034030628,0.760884796316685,0.940846762085877,0.950755680112101,0.7207061647217657,0.6600402522641898,0.8206180347644554,0.9408467620858771,0.9139225302772496
hibachi-res_RandomForestClassifier_BernoulliNB-s87137_0.583.txt,0.674866417985684,0.756124609335619,0.876146788990826,0.95846355479383,0.6406587084711635,0.5432844127339466,0.7558607795196317,0.8761467889908257,0.7392882347010789
hibachi-res_RandomForestClassifier_BernoulliNB-s87576_0.591.txt,0.444260817307692,0.5,0.975961538461538,0.975961538461538,0.5213958895889589,0.5234398439843984,0.5367630513051306,0.9759615384615384,0.44195713141025644
hibachi-res_RandomForestClassifier_DecisionTreeClassifier-s28102_0.470.txt,0.550966697034113,0.5,0.995495495495495,0.995495495495495,0.5644456119940705,0.5171160690272018,0.5560955472576136,0.9954954954954954,0.7918871252204586
hibachi-res_RandomForestClassifier_DecisionTreeClassifier-s74823_0.495.txt,0.5112,0.5,0.9977,0.9977,0.5749312499999999,0.5740562499999999,0.57964375,0.9977,0.5592
hibachi-res_RandomForestClassifier_DecisionTreeClassifier-s76572_0.479.txt,0.511104441776711,0.5,0.995098039215686,0.995098039215686,0.575348758718968,0.5393603590089752,0.5697486187154679,0.9950980392156863,0.4651860744297719
hibachi-res_RandomForestClassifier_DecisionTreeClassifier-s78843_0.466.txt,0.467787114845938,0.5,1.0,1.0,0.5368477961949049,0.5157941448536214,0.5332945823645591,1.0,0.4880952380952381
hibachi-res_RandomForestClassifier_DecisionTreeClassifier-s87790_0.477.txt,0.487748774877488,0.5,1.0,1.0,0.5891255570347315,0.5393533709585685,0.5855724098275614,1.0,0.8082808280828083
hibachi-res_RandomForestClassifier_ExtraTreesClassifier-s17974_0.248.txt,0.527252725272527,0.5,0.5,0.5,0.5721692010575067,0.5555534722092013,0.5710910693191833,0.5,0.5242524252425242
hibachi-res_RandomForestClassifier_ExtraTreesClassifier-s31881_0.257.txt,0.497948153338004,0.5,0.5,0.5,0.5547874567944446,0.5171009619291085,0.5730478589420656,0.5,0.5115604043639276
hibachi-res_RandomForestClassifier_ExtraTreesClassifier-s39826_0.302.txt,0.425180288461538,0.5,0.536508413461538,0.536508413461538,0.4854391689168917,0.5419573207320733,0.5598903640364037,0.5365084134615384,0.5185296474358974
hibachi-res_RandomForestClassifier_ExtraTreesClassifier-s6045_0.282.txt,0.45303091128061,0.5,0.542252107587314,0.542252107587314,0.5656741516841288,0.533557550448851,0.5461853917131354,0.5422521075873143,0.6199317543155358
hibachi-res_RandomForestClassifier_ExtraTreesClassifier-s99782_0.266.txt,0.574517065358823,0.5,0.5,0.5,0.5945459432093054,0.5556125032033051,0.5907269783925346,0.5,0.5535982384145731
hibachi-res_RandomForestClassifier_GaussianNB-s20118_0.568.txt,0.46899889101724,0.5,0.970662365157778,0.970662365157778,0.5435189064463886,0.5006722153090002,0.5243154346888113,0.970662365157778,0.9723762476056054
hibachi-res_RandomForestClassifier_GaussianNB-s36842_0.587.txt,0.4523,0.5,0.85825,0.85825,0.6118374999999999,0.511725,0.5354375,0.85825,0.6275999999999999
hibachi-res_RandomForestClassifier_GaussianNB-s38392_0.574.txt,0.447719298245614,0.5,0.97468671679198,0.97468671679198,0.5261728395061728,0.4909829660884513,0.5168557587122988,0.97468671679198,0.6421052631578948
hibachi-res_RandomForestClassifier_GaussianNB-s48015_0.579.txt,0.442641587432824,0.5,0.952097974369574,0.952097974369574,0.5946479120218443,0.5127790024800221,0.5567931310904581,0.9520979743695742,0.8757751136833402
hibachi-res_RandomForestClassifier_GaussianNB-s86521_0.606.txt,0.443697310317142,0.5,0.990566037735849,0.990566037735849,0.5404434747818259,0.5167600210047261,0.5327354904853593,0.9905660377358491,0.9106784423926134
hibachi-res_RandomForestClassifier_GradientBoostingClassifier-s13671_0.404.txt,0.460036057692308,0.5,0.624649439102564,0.624649439102564,0.5732073207320731,0.5388476347634763,0.5796329632963296,0.6246494391025641,0.36498397435897434
hibachi-res_RandomForestClassifier_GradientBoostingClassifier-s16277_0.419.txt,0.525660491952627,0.5,0.648142524547019,0.648142524547019,0.5589883599472101,0.516528124394073,0.5540752694225008,0.6481425245470189,0.5143233120761211
hibachi-res_RandomForestClassifier_GradientBoostingClassifier-s84763_0.474.txt,0.523501642036125,0.5,0.633620689655172,0.633620689655172,0.5845352564102564,0.5501051682692307,0.5641213441506411,0.6336206896551724,0.48891625615763545
hibachi-res_RandomForestClassifier_GradientBoostingClassifier-s8642_0.435.txt,0.445989084543301,0.5,0.631551848419318,0.631551848419318,0.5445304330947774,0.5086186925133522,0.5395839985974666,0.6315518484193183,0.651426217691278
hibachi-res_RandomForestClassifier_GradientBoostingClassifier-s99884_0.387.txt,0.497543859649123,0.5,0.699749373433584,0.699749373433584,0.527916862009689,0.556474449132677,0.5722769182684795,0.699749373433584,0.5027568922305764
hibachi-res_RandomForestClassifier_KNeighborsClassifier-s14535_0.494.txt,0.47177750410509,0.5,0.7186986863711,0.7186986863711,0.5018717447916666,0.6133125500801283,0.5763064653445513,0.7186986863711002,0.6042692939244664
hibachi-res_RandomForestClassifier_KNeighborsClassifier-s47450_0.478.txt,0.5005,0.58,0.654,0.654,0.569809375,0.5397687499999999,0.59088125,0.654,0.48835000000000006
hibachi-res_RandomForestClassifier_KNeighborsClassifier-s60977_0.497.txt,0.487234258976706,0.5,0.699725358559658,0.699725358559658,0.5379087911606635,0.5362539182010999,0.5661667636440991,0.6997253585596583,0.5330078323670024
hibachi-res_RandomForestClassifier_KNeighborsClassifier-s76837_0.447.txt,0.455345534553455,0.5,0.724322432243224,0.724322432243224,0.5352439702748142,0.51699073119207,0.5305658160363502,0.7243224322432242,0.585958595859586
hibachi-res_RandomForestClassifier_KNeighborsClassifier-s80540_0.502.txt,0.466982558725678,0.575310011089828,0.63564875491481,0.642101018247807,0.547280185593957,0.5057497858290759,0.5792369887255423,0.63564875491481,0.5264643613267466
hibachi-res_RandomForestClassifier_LogisticRegression-s14811_0.641.txt,0.358035803580358,0.85988598859886,0.874737473747375,0.967746774677468,0.8834523965774786,0.6665885411783823,0.8803773773586085,0.8747374737473749,0.3406340634063406
hibachi-res_RandomForestClassifier_LogisticRegression-s45571_0.617.txt,0.438243824382438,0.85998599859986,0.925992599259926,0.974147414741474,0.9204495028093924,0.69753560959756,0.8864305401908761,0.925992599259926,0.6253625362536254
hibachi-res_RandomForestClassifier_LogisticRegression-s56645_0.590.txt,0.411380971497391,0.900240867121638,0.922320353271778,0.98243677238057,0.7910029756695256,0.6114219449376109,0.911764522017454,0.9223203532717784,0.5233841830590125
hibachi-res_RandomForestClassifier_LogisticRegression-s91750_0.607.txt,0.468048878205128,0.749599358974359,0.986177884615385,0.98222155448718,0.5958033303330333,0.5080070507050705,0.7132025702570257,0.9861778846153846,0.730869391025641
hibachi-res_RandomForestClassifier_LogisticRegression-s92010_0.606.txt,0.424242424242424,0.5,0.98989898989899,0.98989898989899,0.5541909636935232,0.5238532740829631,0.5272470452940331,0.9898989898989898,0.6087608760876089
hibachi-res_RandomForestClassifier_MLPClassifier-s34380_0.371.txt,0.5836,0.5,0.6721,0.6721,0.6016000000000001,0.5400750000000001,0.5830375,0.6720999999999999,0.5706
hibachi-res_RandomForestClassifier_MLPClassifier-s37240_0.459.txt,0.472113355441664,0.590091448095669,0.69374937192242,0.714601547583157,0.5526348694287626,0.5063206857099987,0.5671111777982006,0.6937493719224199,0.39734700030147724
hibachi-res_RandomForestClassifier_MLPClassifier-s41863_0.407.txt,0.472989195678271,0.5,0.527961184473789,0.527961184473789,0.5911679041976049,0.5856490162254055,0.5805738893472336,0.5279611844737895,0.5244097639055622
hibachi-res_RandomForestClassifier_MLPClassifier-s44409_0.393.txt,0.541216486594638,0.5,0.672468987595038,0.672468987595038,0.585420885522138,0.5207192679816995,0.5295944898622466,0.672468987595038,0.48699479791916767
hibachi-res_RandomForestClassifier_MLPClassifier-s71701_0.438.txt,0.469504830917874,0.584440418679549,0.629428341384863,0.648097826086957,0.6270633253301321,0.5761304521808723,0.6300645258103241,0.6294283413848631,0.636171497584541
hibachi-res_RandomForestClassifier_XGBClassifier-s32839_0.451.txt,0.469922930637574,0.5,0.5,0.5,0.5539780362645399,0.5160602783906596,0.5412679463219806,0.5,0.5534981483335001
hibachi-res_RandomForestClassifier_XGBClassifier-s42482_0.465.txt,0.516892230576441,0.5,0.550325814536341,0.550325814536341,0.5952461322081576,0.5067072980153149,0.5467698077824661,0.5503258145363408,0.518796992481203
hibachi-res_RandomForestClassifier_XGBClassifier-s51620_0.435.txt,0.515224358974359,0.580378605769231,0.709284855769231,0.700871394230769,0.587836908690869,0.5465921592159216,0.5944406940694069,0.7092848557692307,0.4813701923076923
hibachi-res_RandomForestClassifier_XGBClassifier-s56260_0.468.txt,0.517994987468672,0.5,0.610025062656642,0.610025062656642,0.5375058602906705,0.5244631973745898,0.5497796530707924,0.6100250626566417,0.5040601503759399
hibachi-res_RandomForestClassifier_XGBClassifier-s84406_0.427.txt,0.436571657968687,0.5,0.671818546768366,0.671818546768366,0.583403140706659,0.5157910529869221,0.5609824710559875,0.6718185467683662,0.5896226415094341
hibachi-res_XGBClassifier_BernoulliNB-s26050_0.556.txt,0.439202724358974,0.5,0.766225961538461,0.766225961538461,0.5709289678967897,0.5158203320332033,0.5714008900890089,0.7662259615384615,0.45032051282051283
hibachi-res_XGBClassifier_BernoulliNB-s27534_0.607.txt,0.391278195488722,0.5,0.998696741854637,0.998696741854637,0.5909423347398031,0.5427097984060009,0.5599187373027035,0.9986967418546365,0.7270175438596491
hibachi-res_XGBClassifier_BernoulliNB-s33229_0.570.txt,0.497549754975498,0.5,0.97019701970197,0.97019701970197,0.5895818098863118,0.5240064000400002,0.5377314858217863,0.9701970197019703,0.572957295729573
hibachi-res_XGBClassifier_BernoulliNB-s74614_0.585.txt,0.4847,0.5,0.99,0.99,0.5482750000000001,0.5401750000000001,0.547096875,0.99,0.8487
hibachi-res_XGBClassifier_BernoulliNB-s96861_0.581.txt,0.473557692307692,0.5,0.994791666666667,0.994791666666667,0.5257150715071507,0.5262151215121512,0.5418041804180418,0.9947916666666667,0.8694911858974359
hibachi-res_XGBClassifier_DecisionTreeClassifier-s29236_0.503.txt,0.46628479549794,0.5,0.995327102803738,0.995327102803738,0.5746822464379717,0.5395277303674251,0.557320679458084,0.9953271028037383,0.6970153753391619
hibachi-res_XGBClassifier_DecisionTreeClassifier-s30195_0.490.txt,0.484836352717446,0.5,0.5,0.5,0.5598658674550443,0.5636442049865305,0.5645192542080493,0.5,0.4679211290161145
hibachi-res_XGBClassifier_DecisionTreeClassifier-s33039_0.473.txt,0.512479871175523,0.5,0.990740740740741,0.990740740740741,0.510766806722689,0.5781124949979992,0.5931622649059625,0.9907407407407407,0.37379227053140096
hibachi-res_XGBClassifier_DecisionTreeClassifier-s40570_0.502.txt,0.485230365964311,0.5,0.5,0.5,0.5455949574472077,0.4927056822516399,0.5581044153602761,0.5,0.5089222703901602
hibachi-res_XGBClassifier_DecisionTreeClassifier-s70299_0.492.txt,0.491307406290825,0.5,0.783589588986031,0.783589588986031,0.5086495239166995,0.5205125319629136,0.5458702977786947,0.7835895889860315,0.41483268013264996
hibachi-res_XGBClassifier_ExtraTreesClassifier-s2994_0.335.txt,0.504768668831169,0.5,0.5,0.5,0.493994595135622,0.5202494745270744,0.5667162946651987,0.5,0.528713474025974
hibachi-res_XGBClassifier_ExtraTreesClassifier-s32738_0.191.txt,0.563214900293552,0.689341026419678,0.929193238182002,0.942048790363397,0.6032968682566191,0.5520675010476673,0.671520337255049,0.9291932381820022,0.75817390424132
hibachi-res_XGBClassifier_ExtraTreesClassifier-s53717_0.311.txt,0.511804721888755,0.5,0.5,0.5,0.5689173479336983,0.5195098627465686,0.5564982874571864,0.5,0.5057022809123649
hibachi-res_XGBClassifier_ExtraTreesClassifier-s89875_0.281.txt,0.545973557692308,0.5,0.5,0.5,0.6006538153815382,0.549067406740674,0.5627562756275628,0.5,0.4609375
hibachi-res_XGBClassifier_ExtraTreesClassifier-s92636_0.402.txt,0.50933908045977,0.5,0.5,0.5,0.5813708183092949,0.533394055488782,0.5901849208733975,0.5,0.4631568144499179
hibachi-res_XGBClassifier_GaussianNB-s42433_0.586.txt,0.473289315726291,0.5,0.989795918367347,0.989795918367347,0.6921548038700968,0.5116315407885197,0.5329070726768169,0.9897959183673469,0.9889955982392957
hibachi-res_XGBClassifier_GaussianNB-s48534_0.576.txt,0.449417904456042,0.5,0.911882778000803,0.911882778000803,0.8655228676452201,0.6633617563951889,0.5715911079992998,0.9118827780008029,0.7230681818181819
hibachi-res_XGBClassifier_GaussianNB-s54525_0.594.txt,0.458133012820513,0.5,0.963541666666667,0.963541666666667,0.5236211121112111,0.5265651565156515,0.533078307830783,0.9635416666666667,0.3961338141025641
hibachi-res_XGBClassifier_GaussianNB-s67230_0.584.txt,0.452681704260652,0.5,0.871328320802005,0.871328320802005,0.5256727613689639,0.5200812626972964,0.5226097827785592,0.8713283208020051,0.6702255639097744
hibachi-res_XGBClassifier_GaussianNB-s69592_0.593.txt,0.442434890450599,0.5,0.983567589913187,0.983567589913187,0.6794414940254014,0.5224016132668654,0.5444838297552543,0.9835675899131873,0.8294749896651509
hibachi-res_XGBClassifier_GradientBoostingClassifier-s19903_0.460.txt,0.402360944377751,0.5,0.5,0.5,0.5517575439385984,0.5536200905022626,0.5518325458136454,0.5,0.47879151660664276
hibachi-res_XGBClassifier_GradientBoostingClassifier-s34490_0.410.txt,0.487218045112782,0.5,0.5,0.5,0.5557430848570089,0.5460915768088763,0.5510360993905297,0.5,0.5195989974937343
hibachi-res_XGBClassifier_GradientBoostingClassifier-s41351_0.459.txt,0.453007706936243,0.5,0.5,0.5,0.5096505428430349,0.516479051946672,0.5419867367539425,0.5,0.4915423881493343
hibachi-res_XGBClassifier_GradientBoostingClassifier-s63052_0.425.txt,0.492396958783513,0.5,0.5,0.5,0.5722893072326808,0.5299069976749419,0.5711267781694542,0.5,0.524109643857543
hibachi-res_XGBClassifier_GradientBoostingClassifier-s77290_0.392.txt,0.49034903490349,0.5,0.5,0.5,0.5663066644166526,0.4756217226357664,0.5672410452565328,0.5,0.5465546554655466
hibachi-res_XGBClassifier_KNeighborsClassifier-s60940_0.470.txt,0.3862,0.5,0.5,0.5,0.560696875,0.54416875,0.55796875,0.5,0.4522
hibachi-res_XGBClassifier_KNeighborsClassifier-s65450_0.505.txt,0.544771634615385,0.5,0.5,0.5,0.5431043104310431,0.5158297079707972,0.5452107710771077,0.5,0.43539663461538464
hibachi-res_XGBClassifier_KNeighborsClassifier-s69595_0.491.txt,0.495873590982287,0.5,0.5,0.5,0.5669705382152861,0.5454056622649059,0.5533025710284114,0.5,0.5309480676328502
hibachi-res_XGBClassifier_KNeighborsClassifier-s7519_0.501.txt,0.493799778203448,0.5,0.989010989010989,0.989010989010989,0.5820321537778501,0.5232211306974156,0.5690005565317441,0.989010989010989,0.712672648452465
hibachi-res_XGBClassifier_KNeighborsClassifier-s80611_0.478.txt,0.501702724358974,0.5,0.5,0.5,0.5376318881888188,0.5079132913291329,0.53247199719972,0.5,0.4390024038461538
hibachi-res_XGBClassifier_LogisticRegression-s1888_0.610.txt,0.4117,0.78,0.96075,0.9916,0.956234375,0.631696875,0.870478125,0.96075,0.9258000000000001
hibachi-res_XGBClassifier_LogisticRegression-s23209_0.656.txt,0.480491985079141,0.870753100110898,0.850589777195282,0.964109285210203,0.7206273175795246,0.6501822797791382,0.8997492480568287,0.8505897771952818,0.7709446516785966
hibachi-res_XGBClassifier_LogisticRegression-s33483_0.618.txt,0.358766233766234,0.5,0.990158279220779,0.990158279220779,0.5262079621659494,0.5298487388649785,0.5199304373936543,0.9901582792207791,0.8725649350649352
hibachi-res_XGBClassifier_LogisticRegression-s43452_0.585.txt,0.501954887218045,0.5,0.937844611528822,0.937844611528822,0.5334958587279263,0.5236411939365526,0.5388560712611346,0.9378446115288221,0.9290225563909774
hibachi-res_XGBClassifier_LogisticRegression-s99437_0.601.txt,0.443107769423559,0.5,0.820701754385965,0.820701754385965,0.50965463353649,0.5077605875918112,0.5291576808876387,0.8207017543859649,0.5626065162907268
hibachi-res_XGBClassifier_MLPClassifier-s29528_0.346.txt,0.483034731258132,0.478780902812531,0.934190771694525,0.94820338304474,0.6162127869692671,0.5784012850722854,0.6161409079260708,0.9341907716945251,0.65609048143329
hibachi-res_XGBClassifier_MLPClassifier-s53348_0.349.txt,0.514652749899639,0.561772380570052,0.879365716579687,0.878161380971497,0.5562470305818809,0.5034726563476781,0.5801524092920908,0.8793657165796869,0.7935568044961863
hibachi-res_XGBClassifier_MLPClassifier-s58767_0.330.txt,0.557523009203681,0.5,0.5,0.5,0.5515419135478387,0.5636578414460361,0.566611040276007,0.5,0.5036014405762305
hibachi-res_XGBClassifier_MLPClassifier-s61608_0.257.txt,0.56202480992397,0.512705082032813,0.885754301720688,0.87890156062425,0.6436035900897523,0.6126840671016776,0.6445661141528538,0.8857543017206884,0.4730892356942777
hibachi-res_XGBClassifier_MLPClassifier-s71757_0.300.txt,0.514805922368948,0.606442577030812,0.598339335734294,0.635754301720688,0.570939273481837,0.5425635640891022,0.5614952873821846,0.5983393357342938,0.47468987595038015
hibachi-res_XGBClassifier_RandomForestClassifier-s42627_0.220.txt,0.484423833047686,0.555801996168969,0.904677890916423,0.928621836878718,0.5796278115796122,0.5818914575503848,0.6603624334819503,0.904677890916423,0.7246698255872567
hibachi-res_XGBClassifier_RandomForestClassifier-s42838_0.260.txt,0.508771929824561,0.5,0.5,0.5,0.5645444600718863,0.5430160962650413,0.5504672605094546,0.5,0.5719298245614036
hibachi-res_XGBClassifier_RandomForestClassifier-s53497_0.321.txt,0.474887218045113,0.568621553884712,0.5,0.568621553884712,0.6341928426316612,0.5492076887013596,0.6073167682450383,0.5,0.4731829573934837
hibachi-res_XGBClassifier_RandomForestClassifier-s62978_0.419.txt,0.487856282617423,0.5,0.5,0.5,0.5629579155309945,0.5598197094346229,0.5798929759195819,0.5,0.5262946607788037
hibachi-res_XGBClassifier_RandomForestClassifier-s92395_0.292.txt,0.504907852564103,0.512219551282051,0.503505608974359,0.501802884615385,0.531571907190719,0.5403602860286029,0.5693475597559756,0.5035056089743589,0.5095152243589743
